optimizer_steps,metric,direct_stage_a,stage0_then_stage_a
100,raw_mean_loss,10.9082515406,10.0242165122
100,allocation,0.494560718536,0.386540174484
100,anchor_ground,0.327016353607,0.179514676332
100,anchor_kind,0.337462067604,0.260214745998
100,anchor_presence,0.659398078918,0.599947631359
100,argument_ground,0.210035428405,0.118236862123
100,argument_presence,0.0809587314725,0.0245357621461
100,auxiliary,0,0
100,convergence,0.658752560616,0.544886350632
100,display,8.77318763733,8.34512710571
100,intent,0.319394499063,0.214367896318
100,lifecycle,1.14314866066,0.847709238529
100,link_ground,0.426677286625,0.268532782793
100,link_presence,0.633465468884,0.579569160938
100,link_relation,0.209194004536,0.0545160658658
100,link_target_kind,0.14849293232,0.00235922844149
100,need_cell_route,0.505395412445,0.604369819164
100,need_display_route,0.03355942294,0.0149433445185
100,noise,0.35165527463,0.1195724383
100,refresh,0.0806070193648,0.030683523044
100,revision,0.46664917469,0.118329674006
100,roles,0.553496837616,0.455449819565
100,source,0.466473579407,0.599479198456
100,thought,0.572127819061,0.428750663996
100,uncertainty,0.128160148859,0.1162205562
200,raw_mean_loss,9.26517647215,8.7232816435
200,allocation,0.23976573348,0.324026942253
200,anchor_ground,0.24201951921,0.175355836749
200,anchor_kind,0.198754265904,0.233470126987
200,anchor_presence,0.539653837681,0.505535781384
200,argument_ground,0.141069501638,0.0972851291299
200,argument_presence,0.00507164793089,0.00454532681033
200,auxiliary,0,0
200,convergence,0.505722820759,0.50485253334
200,display,7.82638692856,7.30744028091
200,intent,0.159336462617,0.163365036249
200,lifecycle,0.561510324478,0.656356275082
200,link_ground,0.270958393812,0.249945402145
200,link_presence,0.493278443813,0.530679523945
200,link_relation,0.0255132056773,0.00882872287184
200,link_target_kind,0.010167395696,0.00148568616714
200,need_cell_route,0.525854706764,0.521851360798
200,need_display_route,0.0105444099754,0.0068408860825
200,noise,0.166938558221,0.0802060365677
200,refresh,0.0405062586069,0.0251548923552
200,revision,0.13677996397,0.0958369523287
200,roles,0.392649322748,0.418977200985
200,source,0.383908241987,0.399526923895
200,thought,0.433125495911,0.406540334225
200,uncertainty,0.088015973568,0.0934582054615
300,raw_mean_loss,8.64534515182,8.87597241555
300,allocation,0.192674741149,0.263786137104
300,anchor_ground,0.237815067172,0.193820223212
300,anchor_kind,0.172785133123,0.214972749352
300,anchor_presence,0.478266894817,0.524502158165
300,argument_ground,0.126663431525,0.114174902439
300,argument_presence,0.00194674020167,0.00321120838635
300,auxiliary,0,0
300,convergence,0.429585367441,0.474545806646
300,display,7.32882547379,7.48072624207
300,intent,0.134384974837,0.156841754913
300,lifecycle,0.429639428854,0.692883372307
300,link_ground,0.245227232575,0.24961411953
300,link_presence,0.450994849205,0.522490203381
300,link_relation,0.0128948576748,0.0149115622044
300,link_target_kind,0.0015918094432,0.00667725736275
300,need_cell_route,0.489033520222,0.506143391132
300,need_display_route,0.00690640695393,0.0198006611317
300,noise,0.112310171127,0.0716049447656
300,refresh,0.02161658369,0.0120542906225
300,revision,0.0918184518814,0.0774656236172
300,roles,0.358329892159,0.410986512899
300,source,0.401681065559,0.396052777767
300,thought,0.416330605745,0.413580447435
300,uncertainty,0.0691255703568,0.0923653617501
400,raw_mean_loss,8.25293180278,8.18814106835
400,allocation,0.162815868855,0.268510699272
400,anchor_ground,0.23914514482,0.182070374489
400,anchor_kind,0.145952686667,0.181274563074
400,anchor_presence,0.468758374453,0.521626591682
400,argument_ground,0.129345402122,0.102361947298
400,argument_presence,0.00146464176942,0.00449960585684
400,auxiliary,0,0
400,convergence,0.423072576523,0.493123650551
400,display,6.92484092712,6.7378821373
400,intent,0.128736048937,0.16660580039
400,lifecycle,0.383343040943,0.640768826008
400,link_ground,0.23328410089,0.250701189041
400,link_presence,0.440596401691,0.52343994379
400,link_relation,0.0143411448225,0.0100648319349
400,link_target_kind,0.00251101516187,0.00314870313741
400,need_cell_route,0.527087986469,0.556890785694
400,need_display_route,0.00693344837055,0.00958673842251
400,noise,0.0990146100521,0.0928284525871
400,refresh,0.0179253909737,0.0384946987033
400,revision,0.086180254817,0.0686744600534
400,roles,0.337157279253,0.394652545452
400,source,0.450257182121,0.45979231596
400,thought,0.42740932107,0.430621355772
400,uncertainty,0.0671128183603,0.0882026329637
500,raw_mean_loss,8.07403376478,7.66675150297
500,allocation,0.13167385757,0.199034258723
500,anchor_ground,0.243926569819,0.193181425333
500,anchor_kind,0.115445792675,0.229703634977
500,anchor_presence,0.453196048737,0.561976015568
500,argument_ground,0.129020869732,0.100157380104
500,argument_presence,0.0011349451961,0.0043724370189
500,auxiliary,0,0
500,convergence,0.363145023584,0.536432981491
500,display,6.78690195084,6.20630979538
500,intent,0.122631765902,0.163244649768
500,lifecycle,0.326225489378,0.620642066002
500,link_ground,0.21653676033,0.249101027846
500,link_presence,0.409222006798,0.554660379887
500,link_relation,0.00536114303395,0.0178815182298
500,link_target_kind,0.000897620921023,0.00783164892346
500,need_cell_route,0.515657544136,0.579186201096
500,need_display_route,0.00602465122938,0.00789943803102
500,noise,0.0826352909207,0.0593293718994
500,refresh,0.0148316780105,0.0283614657819
500,revision,0.0758805200458,0.107238635421
500,roles,0.310887157917,0.411853224039
500,source,0.46169757843,0.441618055105
500,thought,0.434894919395,0.440474241972
500,uncertainty,0.0596746951342,0.0948257148266
600,raw_mean_loss,7.75622452925,7.04868331984
600,allocation,0.122104041278,0.180776745081
600,anchor_ground,0.244049936533,0.190508440137
600,anchor_kind,0.0788033902645,0.205843165517
600,anchor_presence,0.450361609459,0.542713105679
600,argument_ground,0.123565785587,0.0889129266143
600,argument_presence,0.000874185410794,0.00218429742381
600,auxiliary,0,0
600,convergence,0.315572172403,0.474018096924
600,display,6.53552675247,5.69562149048
600,intent,0.117826856673,0.154452562332
600,lifecycle,0.296474307775,0.606316864491
600,link_ground,0.220180422068,0.254986405373
600,link_presence,0.3992228508,0.523356318474
600,link_relation,0.00470625516027,0.0245711542666
600,link_target_kind,0.00207665585913,0.0109851807356
600,need_cell_route,0.496034890413,0.514464855194
600,need_display_route,0.00541945453733,0.00880756322294
600,noise,0.0695816278458,0.0652690753341
600,refresh,0.0109212957323,0.0270409267396
600,revision,0.06133011356,0.0873914733529
600,roles,0.305385857821,0.394378572702
600,source,0.414793998003,0.3862631917
600,thought,0.425476670265,0.413108885288
600,uncertainty,0.0557246878743,0.0912773534656
700,raw_mean_loss,7.55094961475,7.02900734459
700,allocation,0.106260165572,0.143985435367
700,anchor_ground,0.239917501807,0.183838784695
700,anchor_kind,0.0831336602569,0.334365338087
700,anchor_presence,0.415645599365,0.553726613522
700,argument_ground,0.125662714243,0.0977648571134
700,argument_presence,0.000542106514331,0.00179219339043
700,auxiliary,0,0
700,convergence,0.2708594203,0.544990479946
700,display,6.36857032776,5.62052583694
700,intent,0.0911078974605,0.167394250631
700,lifecycle,0.267530292273,0.603106796741
700,link_ground,0.198765546083,0.236604526639
700,link_presence,0.375329703093,0.537999510765
700,link_relation,0.00535493250936,0.015342916362
700,link_target_kind,0.00142306939233,0.00484881876037
700,need_cell_route,0.459901303053,0.512308597565
700,need_display_route,0.00518859317526,0.00471086613834
700,noise,0.0678701847792,0.0645694285631
700,refresh,0.00586108025163,0.0149694141001
700,revision,0.0538930520415,0.0895732194185
700,roles,0.293120086193,0.398022025824
700,source,0.43880790472,0.388205498457
700,thought,0.42823985219,0.451471626759
700,uncertainty,0.0497159101069,0.0789795219898
800,raw_mean_loss,7.50276108542,6.97522203301
800,allocation,0.119504414499,0.131114766002
800,anchor_ground,0.215906858444,0.209719449282
800,anchor_kind,0.0515113063157,0.210869282484
800,anchor_presence,0.381199777126,0.524902045727
800,argument_ground,0.115347549319,0.106400847435
800,argument_presence,0.0004834314459,0.00140772911254
800,auxiliary,0,0
800,convergence,0.264831036329,0.45517590642
800,display,6.38810825348,5.65811729431
800,intent,0.0824563726783,0.142699941993
800,lifecycle,0.248767673969,0.591800570488
800,link_ground,0.194592103362,0.239628300071
800,link_presence,0.364561527967,0.491259247065
800,link_relation,0.00224145571701,0.00615471368656
800,link_target_kind,0.000483336654725,0.00272311689332
800,need_cell_route,0.44278010726,0.501913666725
800,need_display_route,0.0044245342724,0.00696365116164
800,noise,0.0560310743749,0.0725866481662
800,refresh,0.00824311096221,0.0162220206112
800,revision,0.0527425333858,0.0601199828088
800,roles,0.282555639744,0.37656968832
800,source,0.388454586267,0.39766472578
800,thought,0.411815643311,0.414125680923
800,uncertainty,0.0471617206931,0.0877543762326
900,raw_mean_loss,7.50687721842,7.07102951256
900,allocation,0.0962788984179,0.113901086152
900,anchor_ground,0.212447375059,0.170308992267
900,anchor_kind,0.0429037325084,0.230724051595
900,anchor_presence,0.372670948505,0.567441523075
900,argument_ground,0.122185401618,0.117882363498
900,argument_presence,0.000470415106975,0.00126812653616
900,auxiliary,0,0
900,convergence,0.219654411077,0.452032238245
900,display,6.4086689949,5.62539625168
900,intent,0.0819309577346,0.189539223909
900,lifecycle,0.218636751175,0.512422740459
900,link_ground,0.178536400199,0.236315399408
900,link_presence,0.327178835869,0.4919051826
900,link_relation,0.00259067048319,0.0256920307875
900,link_target_kind,0.000490640872158,0.00155863596592
900,need_cell_route,0.459630578756,0.553269445896
900,need_display_route,0.00512994499877,0.00531851267442
900,noise,0.0470197722316,0.0971036404371
900,refresh,0.00553526543081,0.0417132750154
900,revision,0.0464582256973,0.0734750553966
900,roles,0.253574043512,0.369367808104
900,source,0.402958184481,0.39089640975
900,thought,0.420472979546,0.516771554947
900,uncertainty,0.0457455329597,0.0770723521709
1000,raw_mean_loss,7.4015972683,6.77181344483
1000,allocation,0.0809703469276,0.0900514051318
1000,anchor_ground,0.221524775028,0.200744315982
1000,anchor_kind,0.0443007722497,0.2310179919
1000,anchor_presence,0.376011878252,0.541800260544
1000,argument_ground,0.128366678953,0.110460266471
1000,argument_presence,0.000410164473578,0.00116803159472
1000,auxiliary,0,0
1000,convergence,0.197335958481,0.448595136404
1000,display,6.30474758148,5.31258487701
1000,intent,0.0871817842126,0.169341281056
1000,lifecycle,0.201497778296,0.504298090935
1000,link_ground,0.175519868731,0.225941821933
1000,link_presence,0.308818101883,0.474773347378
1000,link_relation,0.00194502132945,0.0181056112051
1000,link_target_kind,0.000465067423647,0.00130943686236
1000,need_cell_route,0.474935024977,0.630910933018
1000,need_display_route,0.00556910829619,0.00939488131553
1000,noise,0.0456043295562,0.113023675978
1000,refresh,0.00534929241985,0.00534069724381
1000,revision,0.034251678735,0.0645474493504
1000,roles,0.241708368063,0.36338326335
1000,source,0.397690802813,0.509041666985
1000,thought,0.431032449007,0.485069066286
1000,uncertainty,0.0427113994956,0.0750970989466
1100,raw_mean_loss,7.62647689522,6.51269113607
1100,allocation,0.0799840316176,0.0820860937238
1100,anchor_ground,0.2235635221,0.206128254533
1100,anchor_kind,0.0331215783954,0.156882628798
1100,anchor_presence,0.381506919861,0.494834721088
1100,argument_ground,0.126334562898,0.10095564276
1100,argument_presence,0.00034402043093,0.000701604411006
1100,auxiliary,0,0
1100,convergence,0.204527676105,0.425097465515
1100,display,6.49125051498,5.20840454102
1100,intent,0.0708471089602,0.117462649941
1100,lifecycle,0.214024156332,0.525364637375
1100,link_ground,0.18131108582,0.237089425325
1100,link_presence,0.317858397961,0.475915491581
1100,link_relation,0.00170628866181,0.0125136766583
1100,link_target_kind,0.000687198655214,0.00117735716049
1100,need_cell_route,0.479846745729,0.492640942335
1100,need_display_route,0.00567697314546,0.00526696257293
1100,noise,0.0447498895228,0.0794632658362
1100,refresh,0.00368391559459,0.0101851401851
1100,revision,0.0409330576658,0.0420544371009
1100,roles,0.246878176928,0.362502902746
1100,source,0.468048751354,0.3365650177
1100,thought,0.435419440269,0.494239240885
1100,uncertainty,0.0440361388028,0.0732685104012
1200,raw_mean_loss,7.36919110514,6.04067304632
1200,allocation,0.0830063000321,0.07650578022
1200,anchor_ground,0.22273388505,0.158970251679
1200,anchor_kind,0.0372026897967,0.134018972516
1200,anchor_presence,0.371530324221,0.484532058239
1200,argument_ground,0.113957546651,0.0824199914932
1200,argument_presence,0.000241005109274,0.00066582049476
1200,auxiliary,0,0
1200,convergence,0.197088852525,0.417750447989
1200,display,6.29472064972,4.78071451187
1200,intent,0.0635738670826,0.107906088233
1200,lifecycle,0.18388338387,0.413548588753
1200,link_ground,0.177166268229,0.222315624356
1200,link_presence,0.321971774101,0.465945124626
1200,link_relation,0.00130359572358,0.0135603724048
1200,link_target_kind,0.000245049217483,0.000367237284081
1200,need_cell_route,0.435856193304,0.487305492163
1200,need_display_route,0.00499241193756,0.00538775743917
1200,noise,0.0406457595527,0.151701465249
1200,refresh,0.0048128310591,0.0116749573499
1200,revision,0.0418023094535,0.0704695284367
1200,roles,0.241701602936,0.348288238049
1200,source,0.414891302586,0.416488081217
1200,thought,0.4227193892,0.441553741693
1200,uncertainty,0.0388557240367,0.0591186285019
1300,raw_mean_loss,7.24312379731,6.240721335
1300,allocation,0.0680513307452,0.0625040605664
1300,anchor_ground,0.210655331612,0.170604497194
1300,anchor_kind,0.0272554773837,0.134026885033
1300,anchor_presence,0.359822511673,0.50173407793
1300,argument_ground,0.119110234082,0.0973348021507
1300,argument_presence,0.000257277191849,0.000622024817858
1300,auxiliary,0,0
1300,convergence,0.163193270564,0.317001610994
1300,display,6.21587896347,4.95915269852
1300,intent,0.0638799518347,0.145045176148
1300,lifecycle,0.176027223468,0.381721615791
1300,link_ground,0.164868965745,0.227308064699
1300,link_presence,0.30493491888,0.442111194134
1300,link_relation,0.0012145654764,0.00838420540094
1300,link_target_kind,0.000502509414218,0.000648985849693
1300,need_cell_route,0.44841298461,0.498633593321
1300,need_display_route,0.00543903745711,0.0064116474241
1300,noise,0.0371572338045,0.158470034599
1300,refresh,0.0042528626509,0.0188529323786
1300,revision,0.0362416468561,0.0575873441994
1300,roles,0.230626434088,0.318803369999
1300,source,0.376329541206,0.409843355417
1300,thought,0.415517836809,0.473938316107
1300,uncertainty,0.0393128469586,0.0616004094481
1400,raw_mean_loss,7.35894253529,6.31094854499
1400,allocation,0.0726962611079,0.0686759129167
1400,anchor_ground,0.214241117239,0.182218238711
1400,anchor_kind,0.0282079894096,0.128100112081
1400,anchor_presence,0.357307314873,0.519292891026
1400,argument_ground,0.10901825875,0.0851108506322
1400,argument_presence,0.000251849764027,0.000500869005919
1400,auxiliary,0,0
1400,convergence,0.185280099511,0.328727245331
1400,display,6.28776359558,5.07948446274
1400,intent,0.0589158125222,0.128706678748
1400,lifecycle,0.169247627258,0.355453550816
1400,link_ground,0.164197459817,0.206320852041
1400,link_presence,0.309180915356,0.416783541441
1400,link_relation,0.002094542142,0.00957139581442
1400,link_target_kind,0.000983964535408,0.000962978927419
1400,need_cell_route,0.451729118824,0.494504839182
1400,need_display_route,0.00511496700346,0.00408842274919
1400,noise,0.0375639945269,0.133872509003
1400,refresh,0.00401973538101,0.0307337474078
1400,revision,0.0512629523873,0.0797262713313
1400,roles,0.229909464717,0.306928813457
1400,source,0.43276104331,0.39258056879
1400,thought,0.42641672492,0.445379883051
1400,uncertainty,0.0367044024169,0.0471716634929
1500,raw_mean_loss,7.59199135316,6.27038144563
1500,allocation,0.09324567765,0.0871788412333
1500,anchor_ground,0.224241629243,0.175100833178
1500,anchor_kind,0.0214732214808,0.130217313766
1500,anchor_presence,0.350436478853,0.487481981516
1500,argument_ground,0.115503199399,0.0866417735815
1500,argument_presence,0.000223288589041,0.000414233451011
1500,auxiliary,0,0
1500,convergence,0.152566283941,0.295228868723
1500,display,6.54765796661,5.00581121445
1500,intent,0.0521942526102,0.0975721850991
1500,lifecycle,0.16040340066,0.35216230154
1500,link_ground,0.163911923766,0.205740794539
1500,link_presence,0.291252195835,0.40586450696
1500,link_relation,0.00146265444346,0.00961478985846
1500,link_target_kind,0.000380240671802,0.000309727329295
1500,need_cell_route,0.433506935835,0.498185157776
1500,need_display_route,0.00516267307103,0.00433207908645
1500,noise,0.0362612269819,0.133461117744
1500,refresh,0.00247500720434,0.0195265412331
1500,revision,0.0394416339695,0.0817988216877
1500,roles,0.218211025,0.289438486099
1500,source,0.421446442604,0.474112510681
1500,thought,0.418889760971,0.465376496315
1500,uncertainty,0.0345582291484,0.0402942560613
1600,raw_mean_loss,7.42354464357,5.9644506133
1600,allocation,0.0728765800595,0.0856992006302
1600,anchor_ground,0.215278014541,0.187357768416
1600,anchor_kind,0.0244559533894,0.0971575379372
1600,anchor_presence,0.342364966869,0.470141649246
1600,argument_ground,0.112506754696,0.0973659306765
1600,argument_presence,0.000274978694506,0.00054533634102
1600,auxiliary,0,0
1600,convergence,0.160714358091,0.303701758385
1600,display,6.35274267197,4.63866615295
1600,intent,0.0481572337449,0.0941675007343
1600,lifecycle,0.154538333416,0.30477398634
1600,link_ground,0.167355701327,0.197676941752
1600,link_presence,0.297424912453,0.396129399538
1600,link_relation,0.000866731395945,0.00779646309093
1600,link_target_kind,0.000245872040978,0.000555639446247
1600,need_cell_route,0.441388577223,0.537801682949
1600,need_display_route,0.00516723375767,0.00426352117211
1600,noise,0.0348809547722,0.153465017676
1600,refresh,0.00186348007992,0.0028022704646
1600,revision,0.0391157120466,0.0670342519879
1600,roles,0.216847598553,0.276772648096
1600,source,0.477393299341,0.561746358871
1600,thought,0.425200462341,0.489523231983
1600,uncertainty,0.0340750366449,0.0456228815019
1700,raw_mean_loss,7.21877798227,5.76516799844
1700,allocation,0.0641890615225,0.0538751445711
1700,anchor_ground,0.204713702202,0.166589170694
1700,anchor_kind,0.0210878308862,0.0916718244553
1700,anchor_presence,0.332813501358,0.459355473518
1700,argument_ground,0.112122699618,0.0754630044103
1700,argument_presence,0.000245690403972,0.000351500610122
1700,auxiliary,0,0
1700,convergence,0.155055448413,0.305713325739
1700,display,6.19704437256,4.55561733246
1700,intent,0.0487672314048,0.0828928425908
1700,lifecycle,0.147011563182,0.288797080517
1700,link_ground,0.154720261693,0.193605601788
1700,link_presence,0.289811342955,0.419732898474
1700,link_relation,0.000654483214021,0.0111334724352
1700,link_target_kind,0.000425867532613,0.000853994046338
1700,need_cell_route,0.418246358633,0.445973992348
1700,need_display_route,0.00514774024487,0.00531727820635
1700,noise,0.0323090516031,0.0957904607058
1700,refresh,0.00281976559199,0.00424893666059
1700,revision,0.0420594848692,0.0661955922842
1700,roles,0.218781396747,0.287274390459
1700,source,0.419440418482,0.452280819416
1700,thought,0.419880062342,0.474027276039
1700,uncertainty,0.0331031940877,0.0491730086505
1800,raw_mean_loss,7.15439958335,5.86617149174
1800,allocation,0.0656609833241,0.0635619983077
1800,anchor_ground,0.203677475452,0.185296058655
1800,anchor_kind,0.0217718556523,0.0820733308792
1800,anchor_presence,0.336263865232,0.412666290998
1800,argument_ground,0.114101156592,0.0852878689766
1800,argument_presence,0.000233587037656,0.000415765272919
1800,auxiliary,0,0
1800,convergence,0.152461543679,0.253132998943
1800,display,6.09860420227,4.73708152771
1800,intent,0.0554203242064,0.0838271230459
1800,lifecycle,0.13773983717,0.246312618256
1800,link_ground,0.158536121249,0.199583902955
1800,link_presence,0.283428490162,0.377632766962
1800,link_relation,0.000623125117272,0.0035050616134
1800,link_target_kind,0.000147503073094,0.000206842742045
1800,need_cell_route,0.443553507328,0.44749122858
1800,need_display_route,0.00513849779963,0.0043577561155
1800,noise,0.0357317887247,0.121284551919
1800,refresh,0.001763981767,0.0158527977765
1800,revision,0.0416796207428,0.0423462092876
1800,roles,0.208249941468,0.263063490391
1800,source,0.435974627733,0.391711950302
1800,thought,0.439656287432,0.444401741028
1800,uncertainty,0.0331111103296,0.0416300669312
1900,raw_mean_loss,7.13371187696,5.55573135204
1900,allocation,0.0721767693758,0.0729017332196
1900,anchor_ground,0.21998462081,0.183490112424
1900,anchor_kind,0.0178190469742,0.102466151118
1900,anchor_presence,0.344042211771,0.478562414646
1900,argument_ground,0.112139545381,0.0826926529408
1900,argument_presence,0.000204574287636,0.000342351209838
1900,auxiliary,0,0
1900,convergence,0.123251534998,0.234741434455
1900,display,6.11139202118,4.36594724655
1900,intent,0.0466808229685,0.0930103436112
1900,lifecycle,0.138507276773,0.256105452776
1900,link_ground,0.164953529835,0.191602528095
1900,link_presence,0.279829055071,0.411107808352
1900,link_relation,0.000380677549401,0.00456256046891
1900,link_target_kind,0.000121581098938,0.00200437894091
1900,need_cell_route,0.428221225739,0.465999335051
1900,need_display_route,0.0053837406449,0.00521588604897
1900,noise,0.0322341322899,0.108854144812
1900,refresh,0.00263361004181,0.00791070889682
1900,revision,0.0292750447989,0.080221131444
1900,roles,0.207231402397,0.271234899759
1900,source,0.421840339899,0.428497582674
1900,thought,0.423218697309,0.462219268084
1900,uncertainty,0.0325922742486,0.0392598509789
2000,raw_mean_loss,6.99352783843,5.38353174295
2000,allocation,0.0694630742073,0.0790180116892
2000,anchor_ground,0.208120062947,0.175155907869
2000,anchor_kind,0.0124471122399,0.0437818169594
2000,anchor_presence,0.330050110817,0.399798363447
2000,argument_ground,0.106856510043,0.078088901937
2000,argument_presence,0.000212619459489,0.000309788185405
2000,auxiliary,0,0
2000,convergence,0.137120187283,0.172937765718
2000,display,6.00109434128,4.26819896698
2000,intent,0.0460180081427,0.0818358585238
2000,lifecycle,0.148672819138,0.225504100323
2000,link_ground,0.160875558853,0.183127492666
2000,link_presence,0.278303921223,0.345453947783
2000,link_relation,0.0008298191824,0.00355889624916
2000,link_target_kind,0.000213086794247,0.000288886018097
2000,need_cell_route,0.420147061348,0.464552134275
2000,need_display_route,0.00538404285908,0.00534311449155
2000,noise,0.0333863794804,0.0963416397572
2000,refresh,0.00312758958898,0.00801450852305
2000,revision,0.0340132415295,0.0538572147489
2000,roles,0.21383215487,0.243499532342
2000,source,0.38524082303,0.399489939213
2000,thought,0.41419133544,0.458801448345
2000,uncertainty,0.0346215963364,0.0374087318778
2100,raw_mean_loss,7.09059944982,5.58834697201
2100,allocation,0.0778028070927,0.0628630295396
2100,anchor_ground,0.206070810556,0.188049316406
2100,anchor_kind,0.0179601684213,0.0542996749282
2100,anchor_presence,0.325191468,0.447975367308
2100,argument_ground,0.110655844212,0.101532585919
2100,argument_presence,0.000184775883099,0.000336236873409
2100,auxiliary,0,0
2100,convergence,0.140176072717,0.157932505012
2100,display,6.10485029221,4.46718978882
2100,intent,0.0438564680517,0.0651895180345
2100,lifecycle,0.133418768644,0.184254810214
2100,link_ground,0.153164371848,0.184557616711
2100,link_presence,0.259378641844,0.308616429567
2100,link_relation,0.000435005669715,0.00208041328005
2100,link_target_kind,0.000218407833017,0.000150099527673
2100,need_cell_route,0.410130679607,0.46824285388
2100,need_display_route,0.00505612092093,0.00551535887644
2100,noise,0.0284289829433,0.103045783937
2100,refresh,0.00189495226368,0.0117654260248
2100,revision,0.0327089466155,0.0387736558914
2100,roles,0.195870086551,0.219092339277
2100,source,0.380831390619,0.452317625284
2100,thought,0.419315874577,0.454632133245
2100,uncertainty,0.0307346880436,0.0375495627522
2200,raw_mean_loss,7.2539314984,5.33133520814
2200,allocation,0.0739113762975,0.0621644295752
2200,anchor_ground,0.21952149272,0.178108155727
2200,anchor_kind,0.0148187261075,0.0458169430494
2200,anchor_presence,0.33496722579,0.444185376167
2200,argument_ground,0.109620563686,0.0814208984375
2200,argument_presence,0.0001144314665,0.000288482930046
2200,auxiliary,0,0
2200,convergence,0.137833490968,0.187990471721
2200,display,6.22765445709,4.27531480789
2200,intent,0.0350177660584,0.0556940808892
2200,lifecycle,0.127559289336,0.21244288981
2200,link_ground,0.162132620811,0.186877220869
2200,link_presence,0.266343086958,0.335755616426
2200,link_relation,0.000854081532452,0.00210496480577
2200,link_target_kind,0.000355696160113,1.47687260323e-05
2200,need_cell_route,0.426014304161,0.416965007782
2200,need_display_route,0.00494885118678,0.00480713602155
2200,noise,0.0269887503237,0.0903713703156
2200,refresh,0.00221399380825,0.00903549510986
2200,revision,0.0409750528634,0.062341850251
2200,roles,0.194741472602,0.234402567148
2200,source,0.446067333221,0.3700735569
2200,thought,0.423741906881,0.435345590115
2200,uncertainty,0.0301794633269,0.0364173725247
2300,raw_mean_loss,7.11003419514,5.03872798336
2300,allocation,0.0778123810887,0.0675942823291
2300,anchor_ground,0.201548203826,0.156865745783
2300,anchor_kind,0.0118332058191,0.0251443963498
2300,anchor_presence,0.305157661438,0.389070570469
2300,argument_ground,0.103654660285,0.0755060389638
2300,argument_presence,0.000116623363283,0.000218349829083
2300,auxiliary,0,0
2300,convergence,0.12282140553,0.209397479892
2300,display,6.12606716156,4.00358390808
2300,intent,0.0340845510364,0.0444082543254
2300,lifecycle,0.133707866073,0.204048261046
2300,link_ground,0.150086060166,0.161637887359
2300,link_presence,0.26467692852,0.348160356283
2300,link_relation,0.000324264896335,0.00160938245244
2300,link_target_kind,0.000139779964229,0.000101449957583
2300,need_cell_route,0.397482603788,0.379773825407
2300,need_display_route,0.00474032852799,0.00413994397968
2300,noise,0.0351305603981,0.0815844535828
2300,refresh,0.00106957263779,0.00235953042284
2300,revision,0.0312403645366,0.0355016104877
2300,roles,0.20049495995,0.228871330619
2300,source,0.40677061677,0.421575069427
2300,thought,0.419588536024,0.422422587872
2300,uncertainty,0.0286995861679,0.0364141613245
2400,raw_mean_loss,7.03072667364,5.21650244075
2400,allocation,0.0649125054479,0.0488063246012
2400,anchor_ground,0.201388627291,0.148637995124
2400,anchor_kind,0.0169168803841,0.0559211485088
2400,anchor_presence,0.316661626101,0.391876906157
2400,argument_ground,0.0987904295325,0.0750064104795
2400,argument_presence,9.95944719762e-05,0.000280390377156
2400,auxiliary,0,0
2400,convergence,0.123088672757,0.188664734364
2400,display,6.03304386139,4.10150671005
2400,intent,0.0360910929739,0.0612793155015
2400,lifecycle,0.131519839168,0.159507229924
2400,link_ground,0.156554117799,0.17707580328
2400,link_presence,0.268038630486,0.317066907883
2400,link_relation,0.000252108322456,0.00218531815335
2400,link_target_kind,8.90880692168e-05,0.00027913498343
2400,need_cell_route,0.406674832106,0.460323065519
2400,need_display_route,0.00460171559826,0.00379961146973
2400,noise,0.0264358837157,0.0844014436007
2400,refresh,0.00254180561751,0.00451858714223
2400,revision,0.0496856123209,0.0571129024029
2400,roles,0.199879676104,0.221311569214
2400,source,0.419191658497,0.458657205105
2400,thought,0.42317506671,0.468392252922
2400,uncertainty,0.0274545997381,0.0355233065784
2500,raw_mean_loss,7.1490921539,5.33726566884
2500,allocation,0.0556838437915,0.0485161617398
2500,anchor_ground,0.21303395927,0.188295289874
2500,anchor_kind,0.0130219943821,0.0621228814125
2500,anchor_presence,0.314110040665,0.468999326229
2500,argument_ground,0.115184389055,0.0966610684991
2500,argument_presence,0.000128618514282,0.000228135875659
2500,auxiliary,0,0
2500,convergence,0.122589483857,0.199543759227
2500,display,6.14068365097,4.22625255585
2500,intent,0.0316862799227,0.0668044909835
2500,lifecycle,0.112117514014,0.22431434691
2500,link_ground,0.151014104486,0.193744197488
2500,link_presence,0.240019887686,0.301641583443
2500,link_relation,0.000301333289826,0.00469347462058
2500,link_target_kind,5.19732711837e-05,3.93307200284e-05
2500,need_cell_route,0.424416840076,0.458636879921
2500,need_display_route,0.00456732977182,0.00403359066695
2500,noise,0.023330617696,0.113726854324
2500,refresh,0.00110972183757,0.00879311282188
2500,revision,0.0371525660157,0.0380764678121
2500,roles,0.180060252547,0.21801635623
2500,source,0.4625826478,0.431555151939
2500,thought,0.421882510185,0.444992512465
2500,uncertainty,0.025475544855,0.0354059264064
2600,raw_mean_loss,6.90188103894,4.87482860737
2600,allocation,0.0539964325726,0.0606021359563
2600,anchor_ground,0.199362948537,0.150069206953
2600,anchor_kind,0.0111156124622,0.0306259114295
2600,anchor_presence,0.289173811674,0.359795928001
2600,argument_ground,0.100357994437,0.0785273835063
2600,argument_presence,9.84152575256e-05,0.000210181606235
2600,auxiliary,0,0
2600,convergence,0.104889594018,0.167877942324
2600,display,5.97559261322,3.87442374229
2600,intent,0.0366563312709,0.0417337976396
2600,lifecycle,0.11479819566,0.217810899019
2600,link_ground,0.138772189617,0.177589058876
2600,link_presence,0.237632393837,0.309542417526
2600,link_relation,0.000228100805543,0.00209040939808
2600,link_target_kind,3.78808981623e-05,0.000124756887089
2600,need_cell_route,0.384365737438,0.392682462931
2600,need_display_route,0.0043507758528,0.00370498583652
2600,noise,0.0236322917044,0.0819013789296
2600,refresh,0.00117491127457,0.00707706715912
2600,revision,0.0353531092405,0.0433100536466
2600,roles,0.191368535161,0.231458246708
2600,source,0.342554986477,0.337964504957
2600,thought,0.41795489192,0.438251674175
2600,uncertainty,0.0285344813019,0.0344414822757
2700,raw_mean_loss,6.98673104155,5.00454485566
2700,allocation,0.0593469031155,0.0506647937
2700,anchor_ground,0.197706580162,0.160062491894
2700,anchor_kind,0.00712768593803,0.0281333103776
2700,anchor_presence,0.279213249683,0.364522963762
2700,argument_ground,0.0999116376042,0.0843859016895
2700,argument_presence,9.60070174187e-05,0.000227380573051
2700,auxiliary,0,0
2700,convergence,0.103284053504,0.159147247672
2700,display,6.02289581299,3.93531656265
2700,intent,0.0352161303163,0.0452868193388
2700,lifecycle,0.106524340808,0.234756171703
2700,link_ground,0.143381908536,0.159907251596
2700,link_presence,0.245133370161,0.283437907696
2700,link_relation,0.000258991407463,0.000963153259363
2700,link_target_kind,0.000131688531837,0.000382502272259
2700,need_cell_route,0.392885893583,0.418488353491
2700,need_display_route,0.00426967162639,0.00332435057499
2700,noise,0.0331458933651,0.13183902204
2700,refresh,0.00178943714127,0.00299872737378
2700,revision,0.0287581980228,0.0312556773424
2700,roles,0.188692972064,0.210507526994
2700,source,0.401447236538,0.385579019785
2700,thought,0.425739556551,0.48480463028
2700,uncertainty,0.0265772286803,0.0334140509367
2800,raw_mean_loss,6.94444173119,4.62623526606
2800,allocation,0.0630946829915,0.0486941933632
2800,anchor_ground,0.197577029467,0.151055201888
2800,anchor_kind,0.0104435170069,0.0483333058655
2800,anchor_presence,0.286358445883,0.39518019557
2800,argument_ground,0.10820081085,0.0736886709929
2800,argument_presence,0.000105797298602,0.000221084133955
2800,auxiliary,0,0
2800,convergence,0.103486731648,0.160659089684
2800,display,5.99340724945,3.57179665565
2800,intent,0.0343962162733,0.0396943055093
2800,lifecycle,0.109695017338,0.144965589046
2800,link_ground,0.138835355639,0.156481415033
2800,link_presence,0.236152946949,0.310032308102
2800,link_relation,0.000148882667418,0.000440118747065
2800,link_target_kind,4.18818017351e-05,6.99203301338e-05
2800,need_cell_route,0.385546863079,0.421712607145
2800,need_display_route,0.00434311199933,0.0031391417142
2800,noise,0.025211116299,0.0872605741024
2800,refresh,0.00122029904742,0.0062227207236
2800,revision,0.0330677963793,0.0474798083305
2800,roles,0.184598192573,0.220263913274
2800,source,0.384294748306,0.427722245455
2800,thought,0.421935141087,0.456054091454
2800,uncertainty,0.0263645388186,0.0327300839126
2900,raw_mean_loss,6.92249718594,4.68052146906
2900,allocation,0.0548470206559,0.0450536459684
2900,anchor_ground,0.205985069275,0.152663245797
2900,anchor_kind,0.0119446413592,0.0325218327343
2900,anchor_presence,0.295482128859,0.357489556074
2900,argument_ground,0.109517291188,0.0828390270472
2900,argument_presence,0.000105761493614,0.000142340461025
2900,auxiliary,0,0
2900,convergence,0.0891338661313,0.132807701826
2900,display,5.93315839767,3.69576454163
2900,intent,0.0366956964135,0.0477886125445
2900,lifecycle,0.0915006771684,0.139378041029
2900,link_ground,0.145223513246,0.16230379045
2900,link_presence,0.241305142641,0.285140275955
2900,link_relation,0.000210078287637,0.000728008395527
2900,link_target_kind,2.36037139985e-05,2.74218145933e-05
2900,need_cell_route,0.407092690468,0.397541970015
2900,need_display_route,0.00458826404065,0.00347581575625
2900,noise,0.0228353049606,0.0890641584992
2900,refresh,0.000926398730371,0.00461575901136
2900,revision,0.0345729365945,0.0362672694027
2900,roles,0.177103504539,0.20894369483
2900,source,0.448636591434,0.366784840822
2900,thought,0.426494836807,0.433890730143
2900,uncertainty,0.0255127009004,0.033354151994
3000,raw_mean_loss,6.99948611739,4.80678296757
3000,allocation,0.0546630099416,0.0381022803485
3000,anchor_ground,0.20766530931,0.142615407705
3000,anchor_kind,0.00707505876198,0.0313335433602
3000,anchor_presence,0.276606470346,0.367952078581
3000,argument_ground,0.106485441327,0.0739788860083
3000,argument_presence,0.000100511708297,0.000224849456572
3000,auxiliary,0,0
3000,convergence,0.0897423475981,0.163815423846
3000,display,6.02975320816,3.73774051666
3000,intent,0.0339606329799,0.038767863065
3000,lifecycle,0.100432083011,0.215092465281
3000,link_ground,0.140101745725,0.164493337274
3000,link_presence,0.229172900319,0.288461893797
3000,link_relation,0.000441607175162,0.000397544936277
3000,link_target_kind,0.00053622876294,0.000239917397266
3000,need_cell_route,0.403504550457,0.431467622519
3000,need_display_route,0.00435309065506,0.00384116079658
3000,noise,0.0257258359343,0.0923519134521
3000,refresh,0.000628529232927,0.00778590515256
3000,revision,0.0301192477345,0.0487768240273
3000,roles,0.179961621761,0.207949385047
3000,source,0.409574300051,0.362144589424
3000,thought,0.432571709156,0.505517363548
3000,uncertainty,0.0246701519936,0.0310264769942
3100,raw_mean_loss,6.80637741748,4.66798664457
3100,allocation,0.0450728572905,0.0419019535184
3100,anchor_ground,0.204729437828,0.156144976616
3100,anchor_kind,0.0098594147712,0.0496013984084
3100,anchor_presence,0.314297735691,0.391344755888
3100,argument_ground,0.107003390789,0.0702329576015
3100,argument_presence,0.000106865234557,0.000134705449454
3100,auxiliary,0,0
3100,convergence,0.0909143090248,0.172973781824
3100,display,5.82457065582,3.59925270081
3100,intent,0.0360511280596,0.0568784549832
3100,lifecycle,0.0986849814653,0.1679033041
3100,link_ground,0.146031290293,0.165727868676
3100,link_presence,0.236828178167,0.300629615784
3100,link_relation,0.000187467565411,0.00205376651138
3100,link_target_kind,8.15455277916e-05,0.00266889063641
3100,need_cell_route,0.403526335955,0.452023476362
3100,need_display_route,0.00459859333932,0.0037775374949
3100,noise,0.025638660416,0.0906559973955
3100,refresh,0.000800566398539,0.00863178726286
3100,revision,0.0364037528634,0.0374504625797
3100,roles,0.178460285068,0.205955415964
3100,source,0.425348609686,0.395943880081
3100,thought,0.431923121214,0.4714846313
3100,uncertainty,0.0259239878505,0.0317967124283
3200,raw_mean_loss,7.00788018515,4.78194118502
3200,allocation,0.0422834381461,0.0387499108911
3200,anchor_ground,0.203008547425,0.174434795976
3200,anchor_kind,0.00837432872504,0.049618370831
3200,anchor_presence,0.294057518244,0.420455992222
3200,argument_ground,0.114324443042,0.0909623205662
3200,argument_presence,0.000103595135442,0.000159176299348
3200,auxiliary,0,0
3200,convergence,0.0824473872781,0.131816133857
3200,display,6.04111909866,3.51268649101
3200,intent,0.0334705226123,0.0460941828787
3200,lifecycle,0.0894145220518,0.198302775621
3200,link_ground,0.141549214721,0.179627388716
3200,link_presence,0.21444453299,0.29012671113
3200,link_relation,0.000106457497168,0.000750501523726
3200,link_target_kind,2.17231645365e-05,0.000135719805257
3200,need_cell_route,0.40014320612,0.529099464417
3200,need_display_route,0.00424862420186,0.00355244730599
3200,noise,0.0199686810374,0.0997644141316
3200,refresh,0.00104333111085,0.0189387183636
3200,revision,0.0348115749657,0.0413624569774
3200,roles,0.166758731008,0.21461969614
3200,source,0.436700195074,0.477882564068
3200,thought,0.424253106117,0.609281778336
3200,uncertainty,0.0242263991386,0.0354921482503
3300,raw_mean_loss,6.77476869081,4.62936765248
3300,allocation,0.043330155313,0.0420275777578
3300,anchor_ground,0.199452996254,0.15143507719
3300,anchor_kind,0.00353743950836,0.0234630852938
3300,anchor_presence,0.271318137646,0.330092906952
3300,argument_ground,0.0988553464413,0.0737603008747
3300,argument_presence,9.09553273232e-05,0.000105757964775
3300,auxiliary,0,0
3300,convergence,0.0774050205946,0.137553796172
3300,display,5.89312076569,3.68619894981
3300,intent,0.0286699831486,0.0324343219399
3300,lifecycle,0.0906479582191,0.13123960793
3300,link_ground,0.13255046308,0.16350056231
3300,link_presence,0.210185453296,0.262833058834
3300,link_relation,0.000136810922413,0.000622784369625
3300,link_target_kind,3.83029146178e-05,9.0515211923e-05
3300,need_cell_route,0.357564300299,0.367702513933
3300,need_display_route,0.00412560487166,0.00414236495271
3300,noise,0.0194568429142,0.0715749040246
3300,refresh,0.000737914815545,0.0109214195982
3300,revision,0.0262339841574,0.0551105253398
3300,roles,0.171646729112,0.212830469012
3300,source,0.348565429449,0.307115525007
3300,thought,0.404378086329,0.44020730257
3300,uncertainty,0.023956887424,0.0318385139108
3400,raw_mean_loss,6.83855791146,4.49518366807
3400,allocation,0.0502297915518,0.041418120265
3400,anchor_ground,0.193089842796,0.166987374425
3400,anchor_kind,0.00904657132924,0.0254238918424
3400,anchor_presence,0.263117074966,0.371411561966
3400,argument_ground,0.0993621200323,0.0790165662766
3400,argument_presence,8.32371151773e-05,0.000112968176836
3400,auxiliary,0,0
3400,convergence,0.0841148123145,0.150834769011
3400,display,5.89145421982,3.49577832222
3400,intent,0.0293601639569,0.0412333421409
3400,lifecycle,0.106366083026,0.163638725877
3400,link_ground,0.141593903303,0.16411164403
3400,link_presence,0.229415997863,0.291871726513
3400,link_relation,0.000115896684292,9.23591142055e-05
3400,link_target_kind,3.93326008634e-05,4.44380275439e-05
3400,need_cell_route,0.37178426981,0.399719744921
3400,need_display_route,0.00385027937591,0.00371099868789
3400,noise,0.0190805066377,0.091866388917
3400,refresh,0.000516567670275,0.00682912021875
3400,revision,0.0314955860376,0.0502255782485
3400,roles,0.176541313529,0.204402342439
3400,source,0.412705421448,0.374585270882
3400,thought,0.425525158644,0.436382323503
3400,uncertainty,0.0227788519114,0.0307955741882
3500,raw_mean_loss,7.0736113114,4.70004775666
3500,allocation,0.0428560189903,0.0471364222467
3500,anchor_ground,0.198422595859,0.166593983769
3500,anchor_kind,0.00788499880582,0.0470364317298
3500,anchor_presence,0.269668340683,0.405154854059
3500,argument_ground,0.112677380443,0.0819589570165
3500,argument_presence,8.30684148241e-05,0.000136329283123
3500,auxiliary,0,0
3500,convergence,0.0866299644113,0.13266800344
3500,display,6.11334609985,3.49287056923
3500,intent,0.0254706237465,0.0497812815011
3500,lifecycle,0.0767608210444,0.189719632268
3500,link_ground,0.13967821002,0.163017198443
3500,link_presence,0.207403123379,0.275989115238
3500,link_relation,7.60457915021e-05,0.000834223348647
3500,link_target_kind,2.08190194826e-05,8.93315664143e-05
3500,need_cell_route,0.393158644438,0.516445577145
3500,need_display_route,0.0039114090614,0.00371717335656
3500,noise,0.0196232739836,0.109811671078
3500,refresh,0.00154123618267,0.00595842767507
3500,revision,0.040509685874,0.0581948012114
3500,roles,0.157477125525,0.200141310692
3500,source,0.456228911877,0.550771772861
3500,thought,0.419454574585,0.520869195461
3500,uncertainty,0.0214812662452,0.0326687842607
3600,raw_mean_loss,6.89509972188,4.29089888479
3600,allocation,0.0498218759894,0.050848916173
3600,anchor_ground,0.190414816141,0.145363792777
3600,anchor_kind,0.00791280157864,0.0400706827641
3600,anchor_presence,0.277918756008,0.338384687901
3600,argument_ground,0.101852931082,0.0625745654106
3600,argument_presence,8.07120159152e-05,0.000137120339787
3600,auxiliary,0,0
3600,convergence,0.0847669616342,0.144322916865
3600,display,5.9252614975,3.3019361496
3600,intent,0.0251987632364,0.0307329408824
3600,lifecycle,0.0982841178775,0.14602778852
3600,link_ground,0.141909450293,0.173708751798
3600,link_presence,0.22407270968,0.284012615681
3600,link_relation,5.63633257116e-05,0.000105362327304
3600,link_target_kind,3.19806931657e-05,5.32910689799e-06
3600,need_cell_route,0.39888048172,0.38879981637
3600,need_display_route,0.00412731617689,0.00310396472923
3600,noise,0.0222863592207,0.0758943483233
3600,refresh,0.000715772446711,0.00425424193963
3600,revision,0.0302811916918,0.0413332507014
3600,roles,0.170558154583,0.20211532712
3600,source,0.452465057373,0.424436658621
3600,thought,0.425968110561,0.421488702297
3600,uncertainty,0.0232473742217,0.030661765486
3700,raw_mean_loss,6.71607632026,4.86445523823
3700,allocation,0.0627530068159,0.0452477522194
3700,anchor_ground,0.196457281709,0.178086131811
3700,anchor_kind,0.0060098785907,0.0133368046954
3700,anchor_presence,0.269498556852,0.351525843143
3700,argument_ground,0.0997890383005,0.0841886848211
3700,argument_presence,8.50542928674e-05,0.000139555326314
3700,auxiliary,0,0
3700,convergence,0.0802211090922,0.139546737075
3700,display,5.80827713013,3.81541156769
3700,intent,0.0262660384178,0.0446531809866
3700,lifecycle,0.107069507241,0.156683072448
3700,link_ground,0.136850222945,0.168470397592
3700,link_presence,0.222475230694,0.279964089394
3700,link_relation,0.000152714928845,0.000585310626775
3700,link_target_kind,0.000145453203004,0.000514473184012
3700,need_cell_route,0.346179336309,0.453662395477
3700,need_display_route,0.00386735750362,0.00430478993803
3700,noise,0.021891778335,0.0903223976493
3700,refresh,0.000414379843278,0.00200647977181
3700,revision,0.0268597397953,0.0367004424334
3700,roles,0.173236235976,0.188018381596
3700,source,0.359853297472,0.422774940729
3700,thought,0.417994976044,0.458139628172
3700,uncertainty,0.0240454729646,0.0331514626741
3800,raw_mean_loss,6.67511182127,4.29032617143
3800,allocation,0.0430575422943,0.0498318560421
3800,anchor_ground,0.188692972064,0.160314649343
3800,anchor_kind,0.00384198105894,0.0270841661841
3800,anchor_presence,0.260715514421,0.385045528412
3800,argument_ground,0.101749256253,0.0892700329423
3800,argument_presence,7.02366669429e-05,0.000108887659735
3800,auxiliary,0,0
3800,convergence,0.084576793015,0.176068857312
3800,display,5.7544836998,3.24488711357
3800,intent,0.029367538169,0.0294236335903
3800,lifecycle,0.0947124511003,0.17925183475
3800,link_ground,0.124494224787,0.154641643167
3800,link_presence,0.213138490915,0.265489280224
3800,link_relation,7.01935568941e-05,0.000138993040309
3800,link_target_kind,2.21569716814e-05,5.95869896642e-05
3800,need_cell_route,0.359947234392,0.407421499491
3800,need_display_route,0.0038905069232,0.00284121441655
3800,noise,0.0184436347336,0.0974701792002
3800,refresh,0.00174709525891,0.00590066192672
3800,revision,0.0272023733705,0.0531702563167
3800,roles,0.170362666249,0.196197465062
3800,source,0.386318951845,0.421857953072
3800,thought,0.425889104605,0.457120835781
3800,uncertainty,0.0233732480556,0.03101702407
3900,raw_mean_loss,6.69345734271,4.49290374045
3900,allocation,0.0505730509758,0.0496823675931
3900,anchor_ground,0.191609561443,0.158195197582
3900,anchor_kind,0.00589919881895,0.0510995015502
3900,anchor_presence,0.252548336983,0.359290152788
3900,argument_ground,0.1013796404,0.0878641083837
3900,argument_presence,7.35695502954e-05,0.000155802365043
3900,auxiliary,0,0
3900,convergence,0.0771509855986,0.13108484447
3900,display,5.79251289368,3.54576206207
3900,intent,0.0280828569084,0.0495125614107
3900,lifecycle,0.0840346962214,0.115382112563
3900,link_ground,0.124404422939,0.151155054569
3900,link_presence,0.205490022898,0.256972312927
3900,link_relation,7.43297568988e-05,0.0015018498525
3900,link_target_kind,3.33831521857e-05,0.00111908733379
3900,need_cell_route,0.355637848377,0.367079049349
3900,need_display_route,0.00392163079232,0.00276950234547
3900,noise,0.0193476062268,0.0581769309938
3900,refresh,0.000875497295056,0.0049175680615
3900,revision,0.0300437193364,0.0499579682946
3900,roles,0.168999373913,0.196826741099
3900,source,0.376714915037,0.352676808834
3900,thought,0.413643717766,0.413973599672
3900,uncertainty,0.0217165276408,0.0283843316138
4000,raw_mean_loss,6.76438229707,4.16317009459
4000,allocation,0.0479896813631,0.0373898930848
4000,anchor_ground,0.189519032836,0.145350620151
4000,anchor_kind,0.00221650162712,0.00826439447701
4000,anchor_presence,0.236139699817,0.314339965582
4000,argument_ground,0.0981677621603,0.0860840454698
4000,argument_presence,7.3561714089e-05,0.000142079952639
4000,auxiliary,0,0
4000,convergence,0.0707297176123,0.105327300727
4000,display,5.89415311813,3.13289570808
4000,intent,0.0212573837489,0.0296855121851
4000,lifecycle,0.0829994007945,0.0948815196753
4000,link_ground,0.118031620979,0.138522282243
4000,link_presence,0.187425732613,0.218083173037
4000,link_relation,0.000145087091369,0.000180575734703
4000,link_target_kind,4.28756866313e-05,0.00023529191094
4000,need_cell_route,0.344003796577,0.439688354731
4000,need_display_route,0.00356788327917,0.00385077111423
4000,noise,0.0206315778196,0.0674367249012
4000,refresh,0.00158592208754,0.00896463543177
4000,revision,0.0234050434083,0.0333598554134
4000,roles,0.160236492753,0.166111156344
4000,source,0.353623747826,0.407804220915
4000,thought,0.411522209644,0.501951277256
4000,uncertainty,0.0204566158354,0.0255242008716
4100,raw_mean_loss,6.89109009299,4.36818483365
4100,allocation,0.0534980222583,0.0385671518743
4100,anchor_ground,0.189956098795,0.177967771888
4100,anchor_kind,0.00443619629368,0.0597438775003
4100,anchor_presence,0.246107518673,0.358003109694
4100,argument_ground,0.105438001454,0.101910509169
4100,argument_presence,6.64202525513e-05,0.000163208460435
4100,auxiliary,0,0
4100,convergence,0.0709363892674,0.123946070671
4100,display,5.98201942444,3.34278917313
4100,intent,0.0240190159529,0.0273772925138
4100,lifecycle,0.0784146934748,0.121849745512
4100,link_ground,0.134309232235,0.162043720484
4100,link_presence,0.195175662637,0.233483284712
4100,link_relation,8.24355447548e-05,0.000117507603136
4100,link_target_kind,2.74564699794e-05,4.65839329991e-05
4100,need_cell_route,0.352927595377,0.427496850491
4100,need_display_route,0.00360217387788,0.00290817045607
4100,noise,0.016576398164,0.0797714218497
4100,refresh,0.000485596305225,0.00374103640206
4100,revision,0.0302324481308,0.0420167967677
4100,roles,0.157094910741,0.166831180453
4100,source,0.404244154692,0.394758105278
4100,thought,0.413858413696,0.472909778357
4100,uncertainty,0.0194775611162,0.0276254676282
4200,raw_mean_loss,6.83594915891,4.18198079283
4200,allocation,0.0430477969348,0.0431644394994
4200,anchor_ground,0.185745045543,0.15665243566
4200,anchor_kind,0.00723957549781,0.0169153492898
4200,anchor_presence,0.237462684512,0.344244450331
4200,argument_ground,0.099541425705,0.080476000905
4200,argument_presence,6.82960017002e-05,0.000137371171149
4200,auxiliary,0,0
4200,convergence,0.0801276117563,0.129313364625
4200,display,5.91825628281,3.0240342617
4200,intent,0.0267742928118,0.0305023789406
4200,lifecycle,0.0818435251713,0.148997426033
4200,link_ground,0.126687034965,0.154444217682
4200,link_presence,0.190860897303,0.254152387381
4200,link_relation,6.15965036559e-05,0.000238869484747
4200,link_target_kind,1.48798017108e-05,4.78187102999e-05
4200,need_cell_route,0.358191162348,0.508823633194
4200,need_display_route,0.00345156784169,0.0039471462369
4200,noise,0.0150173911825,0.0765917822719
4200,refresh,0.00031849151128,0.00700974650681
4200,revision,0.0248104520142,0.0263332221657
4200,roles,0.155134379864,0.177932292223
4200,source,0.420842856169,0.418380320072
4200,thought,0.41884675622,0.584410667419
4200,uncertainty,0.0206206757575,0.0302174072713
4300,raw_mean_loss,6.69224876112,4.35496069081
4300,allocation,0.0452608540654,0.0396984815598
4300,anchor_ground,0.180172607303,0.166564047337
4300,anchor_kind,0.00754530634731,0.032726764679
4300,anchor_presence,0.23464435339,0.348827004433
4300,argument_ground,0.0950294137001,0.0764943212271
4300,argument_presence,7.16090144124e-05,0.000126635379274
4300,auxiliary,0,0
4300,convergence,0.0706813558936,0.0988610088825
4300,display,5.82225084305,3.38273906708
4300,intent,0.0226655956358,0.0376472622156
4300,lifecycle,0.0760421976447,0.108133926988
4300,link_ground,0.119296163321,0.149580493569
4300,link_presence,0.189340338111,0.25124001503
4300,link_relation,8.99450897123e-05,0.00444907974452
4300,link_target_kind,2.9118384191e-05,7.03618716216e-05
4300,need_cell_route,0.33786714077,0.380061596632
4300,need_display_route,0.00346691650338,0.00315691204742
4300,noise,0.0158309414983,0.0660372599959
4300,refresh,0.000926002743654,0.00596405332908
4300,revision,0.0266875624657,0.0269347187132
4300,roles,0.156943097711,0.182677999139
4300,source,0.353878468275,0.379442155361
4300,thought,0.415669709444,0.450175404549
4300,uncertainty,0.0190873406827,0.023648109287
4400,raw_mean_loss,6.68901296021,4.15195398011
4400,allocation,0.0462580062449,0.0508559197187
4400,anchor_ground,0.184061408043,0.146476745605
4400,anchor_kind,0.00446908269078,0.0185186862946
4400,anchor_presence,0.224496155977,0.323532402515
4400,argument_ground,0.100335001945,0.0641915872693
4400,argument_presence,5.82193024457e-05,0.000102773308754
4400,auxiliary,0,0
4400,convergence,0.0716602131724,0.15030784905
4400,display,5.83573961258,3.14237046242
4400,intent,0.023941764608,0.0348791107535
4400,lifecycle,0.0879834741354,0.152409017086
4400,link_ground,0.123848766088,0.162836909294
4400,link_presence,0.195099011064,0.307564884424
4400,link_relation,0.000153547269292,0.000436346919741
4400,link_target_kind,4.56307789136e-05,3.78833319701e-05
4400,need_cell_route,0.310469537973,0.36756709218
4400,need_display_route,0.00345187936909,0.00245040329173
4400,noise,0.0164889916778,0.0772506520152
4400,refresh,0.000320517603541,0.00524266716093
4400,revision,0.0238461904228,0.0546242073178
4400,roles,0.157734572887,0.19732055068
4400,source,0.35086748004,0.430983871222
4400,thought,0.401840597391,0.440490871668
4400,uncertainty,0.0211775731295,0.0270844642073
4500,raw_mean_loss,6.78618489425,3.81805689964
4500,allocation,0.0456598997116,0.043166372925
4500,anchor_ground,0.205020532012,0.157173290849
4500,anchor_kind,0.00263600680046,0.0254026409239
4500,anchor_presence,0.252839952707,0.359940499067
4500,argument_ground,0.0995744243264,0.0711322948337
4500,argument_presence,7.43920027162e-05,0.000144288278534
4500,auxiliary,0,0
4500,convergence,0.0650188922882,0.154109492898
4500,display,5.88892030716,2.81701254845
4500,intent,0.0307577289641,0.036281388253
4500,lifecycle,0.0810725316405,0.121000982821
4500,link_ground,0.128537803888,0.155913323164
4500,link_presence,0.200209230185,0.25650331378
4500,link_relation,0.000127493200125,0.00198836694472
4500,link_target_kind,7.76370216045e-05,0.000124332669657
4500,need_cell_route,0.341626882553,0.383063465357
4500,need_display_route,0.00351911201142,0.00333217275329
4500,noise,0.0187222380191,0.0639164149761
4500,refresh,0.000836730585434,0.00262156245299
4500,revision,0.0261965915561,0.0599406287074
4500,roles,0.159225463867,0.180818945169
4500,source,0.390692472458,0.42220133543
4500,thought,0.409338712692,0.43950393796
4500,uncertainty,0.0201676245779,0.0281596593559
4600,raw_mean_loss,6.61249337948,4.04140799899
4600,allocation,0.045919444412,0.0433478429914
4600,anchor_ground,0.18740080297,0.156350627542
4600,anchor_kind,0.00443435367197,0.0459185652435
4600,anchor_presence,0.239241212606,0.333773583174
4600,argument_ground,0.0994828045368,0.0756008923054
4600,argument_presence,7.40859904909e-05,0.000137965442264
4600,auxiliary,0,0
4600,convergence,0.064750239253,0.120017431676
4600,display,5.70364618301,2.96504640579
4600,intent,0.0293306540698,0.0403618887067
4600,lifecycle,0.0824753344059,0.161390393972
4600,link_ground,0.12529116869,0.159799918532
4600,link_presence,0.194676697254,0.28359952569
4600,link_relation,0.00012742515537,0.00144564732909
4600,link_target_kind,2.96425278066e-05,9.67512751231e-05
4600,need_cell_route,0.343052685261,0.398719847202
4600,need_display_route,0.0032613791991,0.00293182604946
4600,noise,0.016853582114,0.0778850391507
4600,refresh,0.000508136232384,0.00269098370336
4600,revision,0.0235429313034,0.0377473123372
4600,roles,0.161457851529,0.194010615349
4600,source,0.398863315582,0.495205938816
4600,thought,0.423377007246,0.472188562155
4600,uncertainty,0.0205268692225,0.0337290912867
4700,raw_mean_loss,6.72517636637,3.96493673239
4700,allocation,0.0469026453793,0.0435251444578
4700,anchor_ground,0.179893657565,0.151144295931
4700,anchor_kind,0.00334150600247,0.017290847376
4700,anchor_presence,0.228999182582,0.314689338207
4700,argument_ground,0.100862167776,0.0699860677123
4700,argument_presence,6.50289439363e-05,0.000143308832776
4700,auxiliary,0,0
4700,convergence,0.0738014057279,0.134089961648
4700,display,5.8497800827,3.03614664078
4700,intent,0.0233909152448,0.0293267127126
4700,lifecycle,0.0808653607965,0.139276564121
4700,link_ground,0.119956374168,0.1515147686
4700,link_presence,0.184154093266,0.257713794708
4700,link_relation,8.43324451125e-05,0.000239143148065
4700,link_target_kind,5.19492023159e-05,0.000487204437377
4700,need_cell_route,0.340231835842,0.372010976076
4700,need_display_route,0.00344717432745,0.00260105589405
4700,noise,0.0163821205497,0.0685660243034
4700,refresh,0.000435841153376,0.00401465315372
4700,revision,0.0242069549859,0.036636274308
4700,roles,0.150599867105,0.188008278608
4700,source,0.370244324207,0.28920096159
4700,thought,0.412433445454,0.45197430253
4700,uncertainty,0.0199121739715,0.0265220329165
4800,raw_mean_loss,6.77284269378,4.11965004073
4800,allocation,0.0524011962116,0.045248594135
4800,anchor_ground,0.186041682959,0.152347385883
4800,anchor_kind,0.00671662436798,0.0336825363338
4800,anchor_presence,0.23431186378,0.360702157021
4800,argument_ground,0.0983389317989,0.069907926023
4800,argument_presence,5.80622945563e-05,0.000115657741844
4800,auxiliary,0,0
4800,convergence,0.0657666996121,0.147520810366
4800,display,5.89911460876,3.0092523098
4800,intent,0.019853329286,0.0364026986063
4800,lifecycle,0.071852363646,0.114382058382
4800,link_ground,0.12453058362,0.170422896743
4800,link_presence,0.18301898241,0.258392482996
4800,link_relation,5.99749982939e-05,8.34577222122e-05
4800,link_target_kind,1.22286364785e-05,5.34741193405e-05
4800,need_cell_route,0.331183582544,0.427154868841
4800,need_display_route,0.00328021124005,0.00319325760938
4800,noise,0.0180214010179,0.0669671297073
4800,refresh,0.000360170815839,0.00458223372698
4800,revision,0.0307622849941,0.0600146129727
4800,roles,0.150876790285,0.177602797747
4800,source,0.395432770252,0.565430879593
4800,thought,0.398789077997,0.467279523611
4800,uncertainty,0.0193388536572,0.0263865590096
4900,raw_mean_loss,6.75338947225,4.07022404249
4900,allocation,0.0427065677941,0.0367429926991
4900,anchor_ground,0.204735636711,0.178938210011
4900,anchor_kind,0.00430360855535,0.0254806745797
4900,anchor_presence,0.242400452495,0.392911761999
4900,argument_ground,0.105409830809,0.0827423632145
4900,argument_presence,5.92804317421e-05,0.000125815873616
4900,auxiliary,0,0
4900,convergence,0.0736436843872,0.153888359666
4900,display,5.87691307068,3.02881002426
4900,intent,0.0271025691181,0.0441333204508
4900,lifecycle,0.0780044272542,0.141658172011
4900,link_ground,0.124001979828,0.16276486218
4900,link_presence,0.189885541797,0.273243576288
4900,link_relation,0.000167868231074,0.00015946853091
4900,link_target_kind,4.32803281001e-05,5.45368202438e-05
4900,need_cell_route,0.318150430918,0.403804570436
4900,need_display_route,0.00318929925561,0.00316766276956
4900,noise,0.0235389005393,0.061136495322
4900,refresh,0.000634675263427,0.00716458866373
4900,revision,0.0243707895279,0.044623542577
4900,roles,0.153590664268,0.188001409173
4900,source,0.376256942749,0.412890613079
4900,thought,0.404532700777,0.464395433664
4900,uncertainty,0.0206345114857,0.0298888012767
5000,raw_mean_loss,6.77624752796,4.09166088021
5000,allocation,0.0394496023655,0.0446582697332
5000,anchor_ground,0.189358189702,0.169505447149
5000,anchor_kind,0.00338372192346,0.0196662191302
5000,anchor_presence,0.234218552709,0.342536389828
5000,argument_ground,0.102780126035,0.0798289179802
5000,argument_presence,5.89200790273e-05,9.44259154494e-05
5000,auxiliary,0,0
5000,convergence,0.0569284148514,0.121414802969
5000,display,5.89787435532,2.93927669525
5000,intent,0.018773611635,0.0245447922498
5000,lifecycle,0.074807010591,0.147096440196
5000,link_ground,0.114523544908,0.146355897188
5000,link_presence,0.181765407324,0.237725123763
5000,link_relation,7.42738484405e-05,0.000690719112754
5000,link_target_kind,3.02748776448e-05,8.77849524841e-05
5000,need_cell_route,0.326454430819,0.442223668098
5000,need_display_route,0.00308028352447,0.00248078769073
5000,noise,0.0152715137228,0.122777335346
5000,refresh,0.000286415714072,0.00243595358916
5000,revision,0.0223539657891,0.0305876489729
5000,roles,0.151471301913,0.176768139005
5000,source,0.393468886614,0.418476730585
5000,thought,0.414066642523,0.593308925629
5000,uncertainty,0.0194063913077,0.0279383249581
5100,raw_mean_loss,6.61415495622,3.96808879365
5100,allocation,0.0365227088332,0.0366609357297
5100,anchor_ground,0.18702416122,0.158695325255
5100,anchor_kind,0.00527559686452,0.0272090807557
5100,anchor_presence,0.242031484842,0.326819092035
5100,argument_ground,0.0970918983221,0.0770590007305
5100,argument_presence,6.40701910015e-05,0.000112564768642
5100,auxiliary,0,0
5100,convergence,0.0586920380592,0.133680209517
5100,display,5.71922254562,2.99041867256
5100,intent,0.0232601258904,0.0189936626703
5100,lifecycle,0.072458922863,0.104313597083
5100,link_ground,0.122484266758,0.155671671033
5100,link_presence,0.194697365165,0.231962069869
5100,link_relation,6.20970677119e-05,0.000196261418751
5100,link_target_kind,2.47996285907e-05,1.1762754184e-05
5100,need_cell_route,0.344271957874,0.391480177641
5100,need_display_route,0.00331904529594,0.00346211274154
5100,noise,0.0160822160542,0.0578154362738
5100,refresh,0.0002441022516,0.00361496023834
5100,revision,0.024808479473,0.0347594842315
5100,roles,0.155384451151,0.170709982514
5100,source,0.403125226498,0.409469753504
5100,thought,0.416963815689,0.449401348829
5100,uncertainty,0.0208394508809,0.0237712021917
5200,raw_mean_loss,6.76122709292,3.91839838457
5200,allocation,0.0373437851667,0.0377499088645
5200,anchor_ground,0.208918809891,0.177806228399
5200,anchor_kind,0.00408355472609,0.0326252244413
5200,anchor_presence,0.253655672073,0.349480986595
5200,argument_ground,0.105962269008,0.0840371400118
5200,argument_presence,6.06946196058e-05,0.000112412839371
5200,auxiliary,0,0
5200,convergence,0.0506712757051,0.105810970068
5200,display,5.85621547699,2.91780781746
5200,intent,0.0269306711853,0.0375898592174
5200,lifecycle,0.0654351785779,0.117741391063
5200,link_ground,0.124683633447,0.150928393006
5200,link_presence,0.172147080302,0.245982825756
5200,link_relation,4.10911052313e-05,0.000185622557183
5200,link_target_kind,5.93842378294e-06,3.18055572279e-05
5200,need_cell_route,0.347390413284,0.370977401733
5200,need_display_route,0.00339804054238,0.00289037451148
5200,noise,0.0136944167316,0.0779874250293
5200,refresh,0.000604740343988,0.00313471653499
5200,revision,0.0225337576121,0.0353075601161
5200,roles,0.139507308602,0.173771157861
5200,source,0.412595570087,0.42625105381
5200,thought,0.420435011387,0.451329767704
5200,uncertainty,0.0196197796613,0.0266971644014
5300,raw_mean_loss,6.73530086294,3.76867361502
5300,allocation,0.0383951179683,0.0364519767463
5300,anchor_ground,0.20303145051,0.138510853052
5300,anchor_kind,0.00418384838849,0.0194598175585
5300,anchor_presence,0.245359659195,0.310909718275
5300,argument_ground,0.106662742794,0.070275247097
5300,argument_presence,5.79426086915e-05,0.000105272476503
5300,auxiliary,0,0
5300,convergence,0.0659869164228,0.105803869665
5300,display,5.81171655655,2.71992206573
5300,intent,0.0265699084848,0.0337235219777
5300,lifecycle,0.0710396021605,0.142780184746
5300,link_ground,0.117868840694,0.137125447392
5300,link_presence,0.186334788799,0.240855142474
5300,link_relation,2.21957379836e-05,0.000230203804676
5300,link_target_kind,8.96655637916e-06,7.00242935636e-06
5300,need_cell_route,0.33772611618,0.405853390694
5300,need_display_route,0.00299416715279,0.00214301794767
5300,noise,0.0148819806054,0.1073994115
5300,refresh,0.000225696654525,0.00545189203694
5300,revision,0.023556066677,0.0372477062047
5300,roles,0.148649796844,0.182852014899
5300,source,0.439389139414,0.393952459097
5300,thought,0.42360419035,0.521263122559
5300,uncertainty,0.0194916557521,0.0348885543644
5400,raw_mean_loss,6.5933185079,3.80634933299
5400,allocation,0.0426046550274,0.0397906973958
5400,anchor_ground,0.18678805232,0.144328191876
5400,anchor_kind,0.00243424600922,0.0752091780305
5400,anchor_presence,0.234891816974,0.337256491184
5400,argument_ground,0.0950932204723,0.0606650747359
5400,argument_presence,5.74815676373e-05,0.000104386344901
5400,auxiliary,0,0
5400,convergence,0.0651545971632,0.12214936316
5400,display,5.72496891022,2.75160837173
5400,intent,0.0209399927408,0.0244954973459
5400,lifecycle,0.0703949332237,0.111791424453
5400,link_ground,0.122892722487,0.143075928092
5400,link_presence,0.192767575383,0.273892998695
5400,link_relation,3.04757413687e-05,0.00110303668771
5400,link_target_kind,1.76725643541e-05,8.23951340863e-05
5400,need_cell_route,0.30578032136,0.416830331087
5400,need_display_route,0.00294359214604,0.0027645775117
5400,noise,0.01447213348,0.100574299693
5400,refresh,0.000190036240383,0.00497253518552
5400,revision,0.02742552571,0.078556612134
5400,roles,0.151288866997,0.180206820369
5400,source,0.392092555761,0.442247033119
5400,thought,0.404149591923,0.486195087433
5400,uncertainty,0.0188589002937,0.0252379067242
5500,raw_mean_loss,6.70150494482,4.00767124032
5500,allocation,0.036497823894,0.0330435335636
5500,anchor_ground,0.197838634253,0.184462755919
5500,anchor_kind,0.00355314626358,0.0141574647278
5500,anchor_presence,0.228619158268,0.376891553402
5500,argument_ground,0.109883263707,0.109044387937
5500,argument_presence,5.71596028749e-05,0.000147298822412
5500,auxiliary,0,0
5500,convergence,0.0463656596839,0.102230936289
5500,display,5.84593391418,2.99583435059
5500,intent,0.0185336191207,0.0288397930562
5500,lifecycle,0.0516302399337,0.0811005160213
5500,link_ground,0.111107572913,0.141796201468
5500,link_presence,0.160144627094,0.199565500021
5500,link_relation,2.75203765341e-05,0.00149481766857
5500,link_target_kind,7.14658608558e-06,1.97423796635e-05
5500,need_cell_route,0.320607632399,0.428270101547
5500,need_display_route,0.00291636656038,0.00356844370253
5500,noise,0.013925101608,0.0980806127191
5500,refresh,0.000211294580367,0.00297923036851
5500,revision,0.0216479822993,0.0299126859754
5500,roles,0.133900180459,0.15292519331
5500,source,0.39529928565,0.429117947817
5500,thought,0.401206880808,0.461824685335
5500,uncertainty,0.0180326811969,0.0291922092438
5600,raw_mean_loss,6.64252946935,3.63524601624
5600,allocation,0.0371802784503,0.0464248172939
5600,anchor_ground,0.196799576283,0.154222682118
5600,anchor_kind,0.00287958863191,0.0090877301991
5600,anchor_presence,0.231717586517,0.358619838953
5600,argument_ground,0.106028676033,0.0751276984811
5600,argument_presence,5.03970877617e-05,0.000118401418149
5600,auxiliary,0,0
5600,convergence,0.0630565136671,0.111242450774
5600,display,5.75094270706,2.58963465691
5600,intent,0.0194186698645,0.0262340456247
5600,lifecycle,0.0572000555694,0.104085989296
5600,link_ground,0.12191786617,0.160345941782
5600,link_presence,0.170794069767,0.25791105628
5600,link_relation,1.68203750945e-05,0.000683562248014
5600,link_target_kind,2.2397241537e-06,0.00101260549854
5600,need_cell_route,0.332693070173,0.389456003904
5600,need_display_route,0.00312015134841,0.00265703629702
5600,noise,0.0199125465006,0.0811448693275
5600,refresh,0.000405548256822,0.0017157694092
5600,revision,0.025149486959,0.0454815104604
5600,roles,0.14297875762,0.174805894494
5600,source,0.415827393532,0.484296023846
5600,thought,0.414318799973,0.469481736422
5600,uncertainty,0.017945157364,0.0266277417541
5700,raw_mean_loss,6.46379515655,3.8139049295
5700,allocation,0.0356723070145,0.0536744967103
5700,anchor_ground,0.176067233086,0.155577465892
5700,anchor_kind,0.00120254594367,0.00630052108318
5700,anchor_presence,0.214968904853,0.306131213903
5700,argument_ground,0.0950780436397,0.0678382366896
5700,argument_presence,4.71031198686e-05,9.00093073142e-05
5700,auxiliary,0,0
5700,convergence,0.0501983985305,0.113816082478
5700,display,5.65542221069,2.83378839493
5700,intent,0.0181572474539,0.026430606842
5700,lifecycle,0.0612324886024,0.112277969718
5700,link_ground,0.114327356219,0.149382427335
5700,link_presence,0.171909555793,0.259608030319
5700,link_relation,5.28155069333e-05,0.000688472704496
5700,link_target_kind,9.93513276626e-06,2.22736198339e-05
5700,need_cell_route,0.287853360176,0.337998747826
5700,need_display_route,0.00270417495631,0.00255910633132
5700,noise,0.0141467060894,0.0938578173518
5700,refresh,0.000371134548914,0.00450131855905
5700,revision,0.022577052936,0.0332095101476
5700,roles,0.146709576249,0.186875715852
5700,source,0.312615662813,0.387971699238
5700,thought,0.404927253723,0.466183185577
5700,uncertainty,0.0182355698198,0.0238499380648
5800,raw_mean_loss,6.60822368353,4.00802569295
5800,allocation,0.0379898063838,0.0390125587583
5800,anchor_ground,0.181758776307,0.178731277585
5800,anchor_kind,0.0035284194164,0.0234216395766
5800,anchor_presence,0.224866688251,0.382986694574
5800,argument_ground,0.0929106622934,0.0802735611796
5800,argument_presence,5.04929266754e-05,0.000116195646115
5800,auxiliary,0,0
5800,convergence,0.0483068190515,0.105323605239
5800,display,5.77550411224,2.95059108734
5800,intent,0.0232857018709,0.0353366024792
5800,lifecycle,0.0643484070897,0.133104503155
5800,link_ground,0.11699976027,0.153606683016
5800,link_presence,0.173131138086,0.238142743707
5800,link_relation,9.03398031369e-05,5.63062239962e-05
5800,link_target_kind,0.000133597000968,0.000241256406298
5800,need_cell_route,0.294397860765,0.404363036156
5800,need_display_route,0.00261953775771,0.00275488570333
5800,noise,0.0140260886401,0.0709517523646
5800,refresh,0.00091149029322,0.00497186230496
5800,revision,0.0221668276936,0.0625118464231
5800,roles,0.147387102246,0.170508727431
5800,source,0.344951570034,0.373377323151
5800,thought,0.405881255865,0.52140212059
5800,uncertainty,0.0180849023163,0.0244574397802
5900,raw_mean_loss,6.4938570881,3.70770213564
5900,allocation,0.0410323552787,0.0351754277945
5900,anchor_ground,0.177396506071,0.140026524663
5900,anchor_kind,0.00294970907271,0.0125046800822
5900,anchor_presence,0.218105316162,0.309525579214
5900,argument_ground,0.0954265370965,0.0636485591531
5900,argument_presence,5.59946747671e-05,0.000102516278275
5900,auxiliary,0,0
5900,convergence,0.0460913367569,0.116199754179
5900,display,5.62465333939,2.7611014843
5900,intent,0.015642343089,0.0213565696031
5900,lifecycle,0.0663430020213,0.118272408843
5900,link_ground,0.120634108782,0.148712396622
5900,link_presence,0.176058873534,0.238730162382
5900,link_relation,3.80557685276e-05,0.00176127604209
5900,link_target_kind,2.6617290132e-06,1.55096174126e-07
5900,need_cell_route,0.307575345039,0.336485266685
5900,need_display_route,0.00270422012545,0.00213195499964
5900,noise,0.0165543705225,0.0872676074505
5900,refresh,0.000186913544894,0.00362192443572
5900,revision,0.0242788493633,0.0372461415827
5900,roles,0.146445721388,0.17975987494
5900,source,0.396884262562,0.43980383873
5900,thought,0.416838049889,0.420357912779
5900,uncertainty,0.0163173358887,0.0272452197969
6000,raw_mean_loss,6.52118111734,3.44949288456
6000,allocation,0.0386135317385,0.0379564575851
6000,anchor_ground,0.189942896366,0.159375891089
6000,anchor_kind,0.00476644840091,0.0232016444206
6000,anchor_presence,0.242963016033,0.340407431126
6000,argument_ground,0.0967067629099,0.0739898830652
6000,argument_presence,4.89630147058e-05,0.000125187740196
6000,auxiliary,0,0
6000,convergence,0.0519014261663,0.130282759666
6000,display,5.62720584869,2.39670491219
6000,intent,0.020094582811,0.038403198123
6000,lifecycle,0.0736791566014,0.134355843067
6000,link_ground,0.130597710609,0.159021213651
6000,link_presence,0.1867826581,0.262298047543
6000,link_relation,1.75753393705e-05,0.000617385143414
6000,link_target_kind,5.54104326511e-06,4.78563306388e-05
6000,need_cell_route,0.308638900518,0.400658994913
6000,need_display_route,0.00272986874916,0.00261238892563
6000,noise,0.0143359499052,0.0585153624415
6000,refresh,0.000608969072346,0.00495485169813
6000,revision,0.0276535172015,0.0905983671546
6000,roles,0.15061737597,0.171080678701
6000,source,0.404946118593,0.455006241798
6000,thought,0.423930078745,0.471482425928
6000,uncertainty,0.0179462153465,0.0274917036295
6100,raw_mean_loss,6.6779899288,3.65731509778
6100,allocation,0.0399266220629,0.0314622037113
6100,anchor_ground,0.185216277838,0.154368206859
6100,anchor_kind,0.00512751750648,0.00749799562618
6100,anchor_presence,0.242519766092,0.331555247307
6100,argument_ground,0.100423358381,0.0681853368878
6100,argument_presence,4.31862572441e-05,0.000148212420754
6100,auxiliary,0,0
6100,convergence,0.0535211637616,0.105544626713
6100,display,5.76410627365,2.5768392086
6100,intent,0.0186002608389,0.0230815894902
6100,lifecycle,0.0640458837152,0.0886031165719
6100,link_ground,0.122121870518,0.16098614037
6100,link_presence,0.177220448852,0.216870367527
6100,link_relation,2.08673100133e-05,5.28272103111e-05
6100,link_target_kind,2.60215801973e-06,7.4550057434e-06
6100,need_cell_route,0.326982885599,0.416039913893
6100,need_display_route,0.0028089878615,0.00289680552669
6100,noise,0.0151058239862,0.0681297630072
6100,refresh,0.00073712534504,0.00599814578891
6100,revision,0.0256720203906,0.047608230263
6100,roles,0.147586062551,0.169499889016
6100,source,0.4437302351,0.411764979362
6100,thought,0.425553590059,0.553180158138
6100,uncertainty,0.017645187676,0.0293431803584
6200,raw_mean_loss,6.52083428236,3.61264545351
6200,allocation,0.044720839709,0.038766849786
6200,anchor_ground,0.183139324188,0.159064844251
6200,anchor_kind,0.00286012189463,0.0186657365412
6200,anchor_presence,0.215715304017,0.310446530581
6200,argument_ground,0.0997122749686,0.0825946703553
6200,argument_presence,4.55853078165e-05,0.000115912407637
6200,auxiliary,0,0
6200,convergence,0.046714425087,0.0858278051019
6200,display,5.66207838058,2.65229463577
6200,intent,0.0163432378322,0.0237421169877
6200,lifecycle,0.0613147988915,0.0748588964343
6200,link_ground,0.118527427316,0.147242024541
6200,link_presence,0.175575643778,0.218565478921
6200,link_relation,2.05118703889e-05,0.000208441706491
6200,link_target_kind,1.79832131835e-05,3.3727533264e-06
6200,need_cell_route,0.297007203102,0.388381689787
6200,need_display_route,0.00279635121115,0.00265683210455
6200,noise,0.023104025051,0.0823058262467
6200,refresh,0.000366127060261,0.0059819240123
6200,revision,0.0224702041596,0.0342743843794
6200,roles,0.143685400486,0.153327897191
6200,source,0.38664445281,0.425250411034
6200,thought,0.411425411701,0.439591467381
6200,uncertainty,0.016729535535,0.0223830416799
6300,raw_mean_loss,6.63152048276,3.6057428057
6300,allocation,0.0439181216061,0.0342723093927
6300,anchor_ground,0.17847879231,0.17175476253
6300,anchor_kind,0.00337443896569,0.0124813141301
6300,anchor_presence,0.213227435946,0.312527567148
6300,argument_ground,0.0983651354909,0.0842404142022
6300,argument_presence,4.60514711449e-05,0.000138862582389
6300,auxiliary,0,0
6300,convergence,0.0484322384,0.0854261368513
6300,display,5.78460168839,2.69602417946
6300,intent,0.0174354594201,0.0329035073519
6300,lifecycle,0.056052710861,0.0961449220777
6300,link_ground,0.120624825358,0.139872431755
6300,link_presence,0.157838955522,0.206225052476
6300,link_relation,8.97879799595e-05,6.10442293691e-05
6300,link_target_kind,1.24899261209e-05,3.39021753462e-05
6300,need_cell_route,0.294704854488,0.339303046465
6300,need_display_route,0.00267452327535,0.00243635289371
6300,noise,0.0132862366736,0.0528092905879
6300,refresh,6.0990358179e-05,0.00322050135583
6300,revision,0.0225554164499,0.0281601510942
6300,roles,0.134683325887,0.155945360661
6300,source,0.409524619579,0.372448712587
6300,thought,0.394021689892,0.424426496029
6300,uncertainty,0.0173066295683,0.022175649181
6400,raw_mean_loss,6.64516320816,3.66589140842
6400,allocation,0.0376815348864,0.0331505686045
6400,anchor_ground,0.192788273096,0.178758114576
6400,anchor_kind,0.00286842603236,0.0466327108443
6400,anchor_presence,0.219395071268,0.362304031849
6400,argument_ground,0.106485910714,0.0897268727422
6400,argument_presence,5.24575880263e-05,0.000137699767947
6400,auxiliary,0,0
6400,convergence,0.0444629192352,0.0857594385743
6400,display,5.80802202225,2.74241423607
6400,intent,0.0177484974265,0.0299556143582
6400,lifecycle,0.0531897805631,0.101206757128
6400,link_ground,0.114309005439,0.144077688456
6400,link_presence,0.153219997883,0.240735754371
6400,link_relation,2.25749736273e-05,5.50302538613e-05
6400,link_target_kind,2.42259011429e-06,9.73325586529e-06
6400,need_cell_route,0.297438055277,0.35649099946
6400,need_display_route,0.00261615402997,0.00283109699376
6400,noise,0.0165424402803,0.055251237005
6400,refresh,0.000189844329725,0.00389902992174
6400,revision,0.023748414591,0.0296505372971
6400,roles,0.133176103234,0.167212173343
6400,source,0.358826458454,0.345634311438
6400,thought,0.408282756805,0.431368947029
6400,uncertainty,0.0169136635959,0.0205547623336
6500,raw_mean_loss,6.49133584411,3.81761816669
6500,allocation,0.042622320354,0.0427147820592
6500,anchor_ground,0.179316490889,0.163300707936
6500,anchor_kind,0.00265047955327,0.0133943362162
6500,anchor_presence,0.195099532604,0.310769706964
6500,argument_ground,0.0891432017088,0.0880549177527
6500,argument_presence,4.22628545493e-05,0.000132087923703
6500,auxiliary,0,0
6500,convergence,0.0451432950795,0.123717486858
6500,display,5.65908050537,2.9414601326
6500,intent,0.0168353505433,0.0316743254662
6500,lifecycle,0.0594750121236,0.0855009108782
6500,link_ground,0.112713716924,0.128549516201
6500,link_presence,0.1633323282,0.215791866183
6500,link_relation,3.27048292093e-05,0.000129153660964
6500,link_target_kind,5.66524067835e-06,0.000147808445035
6500,need_cell_route,0.273795247078,0.300286084414
6500,need_display_route,0.00260975351557,0.00228866725229
6500,noise,0.0167476087809,0.0522171854973
6500,refresh,0.000257868436165,0.00235120975412
6500,revision,0.0198580957949,0.0129014486447
6500,roles,0.140100896358,0.146960899234
6500,source,0.357717722654,0.315549612045
6500,thought,0.414256572723,0.426066696644
6500,uncertainty,0.0161186475307,0.02186675556
6600,raw_mean_loss,6.59859702201,3.45942939284
6600,allocation,0.0396723113954,0.0455693602562
6600,anchor_ground,0.18698374927,0.150991588831
6600,anchor_kind,0.00282122450881,0.0408326946199
6600,anchor_presence,0.214013725519,0.329395502806
6600,argument_ground,0.0961278676987,0.0756705701351
6600,argument_presence,3.64092593372e-05,0.000108344676846
6600,auxiliary,0,0
6600,convergence,0.0461289174855,0.0920625850558
6600,display,5.77730798721,2.4834587574
6600,intent,0.0133165521547,0.022370936349
6600,lifecycle,0.0542128868401,0.11033346504
6600,link_ground,0.111817419529,0.137254580855
6600,link_presence,0.160378918052,0.261725753546
6600,link_relation,2.31167650782e-05,0.000535640632734
6600,link_target_kind,2.84850602839e-06,1.07602745629e-05
6600,need_cell_route,0.284080058336,0.345798313618
6600,need_display_route,0.00281281606294,0.00249807815999
6600,noise,0.014562102966,0.057322639972
6600,refresh,0.000482847215608,0.00260595325381
6600,revision,0.0192684419453,0.0368785485625
6600,roles,0.13517908752,0.176242545247
6600,source,0.348805755377,0.3998914361
6600,thought,0.405469030142,0.464672714472
6600,uncertainty,0.0167590230703,0.0245549771935
6700,raw_mean_loss,6.59937744933,3.49533786111
6700,allocation,0.0378592945635,0.037885311991
6700,anchor_ground,0.181921154261,0.149977251887
6700,anchor_kind,0.00169267074671,0.0336556434631
6700,anchor_presence,0.216496512294,0.312488108873
6700,argument_ground,0.0964647382498,0.0802704021335
6700,argument_presence,4.64133809146e-05,0.000149839193909
6700,auxiliary,0,0
6700,convergence,0.0452281683683,0.089792445302
6700,display,5.7864780426,2.47902727127
6700,intent,0.0153063479811,0.0293107572943
6700,lifecycle,0.0578690357506,0.118213586509
6700,link_ground,0.116253092885,0.142045557499
6700,link_presence,0.162461042404,0.237934678793
6700,link_relation,4.16913571826e-05,0.000112981928396
6700,link_target_kind,4.17497576564e-05,6.39177414996e-06
6700,need_cell_route,0.270373463631,0.355172008276
6700,need_display_route,0.0025363303721,0.00240524136461
6700,noise,0.0126980161294,0.0592858828604
6700,refresh,0.000661411788315,0.00435170158744
6700,revision,0.0177762396634,0.0303266830742
6700,roles,0.138428792357,0.162808939815
6700,source,0.352751970291,0.45845785737
6700,thought,0.396783590317,0.478888809681
6700,uncertainty,0.0166294947267,0.0256317742169
6800,raw_mean_loss,6.47621241556,3.65909266473
6800,allocation,0.0362794101238,0.0474783852696
6800,anchor_ground,0.189351797104,0.166305750608
6800,anchor_kind,0.00189118261915,0.0121261347085
6800,anchor_presence,0.223220854998,0.310052514076
6800,argument_ground,0.0980242863297,0.0834525302052
6800,argument_presence,3.89500892197e-05,0.000133409383125
6800,auxiliary,0,0
6800,convergence,0.0495296120644,0.09911249578
6800,display,5.6060090065,2.72034430504
6800,intent,0.020449263975,0.0230260137469
6800,lifecycle,0.0590847730637,0.106844805181
6800,link_ground,0.119716495275,0.149791315198
6800,link_presence,0.164065673947,0.237195134163
6800,link_relation,0.000106005769339,0.000366571272025
6800,link_target_kind,3.7951192553e-06,2.32021602642e-06
6800,need_cell_route,0.291972339153,0.317369610071
6800,need_display_route,0.00248402054422,0.00225789193064
6800,noise,0.0129210958257,0.0502698346972
6800,refresh,0.000482566450955,0.0018753123004
6800,revision,0.0230653807521,0.0311855729669
6800,roles,0.137693226337,0.188935995102
6800,source,0.399224460125,0.361127257347
6800,thought,0.419108629227,0.450229585171
6800,uncertainty,0.0177599452436,0.0244883075356
6900,raw_mean_loss,6.56196126951,3.40228699662
6900,allocation,0.0391595773399,0.0389183238149
6900,anchor_ground,0.183391913772,0.155011162162
6900,anchor_kind,0.00176532426849,0.0080016804859
6900,anchor_presence,0.206764802337,0.353402078152
6900,argument_ground,0.0883426442742,0.0669311136007
6900,argument_presence,3.24768370774e-05,0.000107299616502
6900,auxiliary,0,0
6900,convergence,0.0398517176509,0.166622638702
6900,display,5.74203920364,2.43329954147
6900,intent,0.0114974435419,0.0243150722235
6900,lifecycle,0.0621453560889,0.0995678529143
6900,link_ground,0.121621765196,0.14205981791
6900,link_presence,0.16917604208,0.238117471337
6900,link_relation,1.74319866346e-05,6.67844360578e-05
6900,link_target_kind,3.20662252307e-06,2.38583015744e-06
6900,need_cell_route,0.268148183823,0.362790197134
6900,need_display_route,0.00232596648857,0.0021395070944
6900,noise,0.0153527259827,0.0545102730393
6900,refresh,0.000466655037599,0.00404313951731
6900,revision,0.0178026966751,0.0571409389377
6900,roles,0.144408717752,0.172886699438
6900,source,0.364081948996,0.384882211685
6900,thought,0.400021582842,0.448785841465
6900,uncertainty,0.015580739826,0.026269165799
7000,raw_mean_loss,6.47165947492,3.48352871929
7000,allocation,0.0416875034571,0.0364054888487
7000,anchor_ground,0.180167034268,0.166592404246
7000,anchor_kind,0.00261176680215,0.010278372094
7000,anchor_presence,0.201237425208,0.338859498501
7000,argument_ground,0.0918336063623,0.0836245045066
7000,argument_presence,3.60516351066e-05,0.000143453653436
7000,auxiliary,0,0
7000,convergence,0.0498925819993,0.126016184688
7000,display,5.64093589783,2.44742631912
7000,intent,0.0197528041899,0.0400752164423
7000,lifecycle,0.0608720332384,0.0760827288032
7000,link_ground,0.110875293612,0.144051626325
7000,link_presence,0.160312220454,0.232729241252
7000,link_relation,4.55971567135e-05,0.000371011934476
7000,link_target_kind,3.00630927086e-06,8.92742173164e-06
7000,need_cell_route,0.277010023594,0.371406197548
7000,need_display_route,0.00222623255104,0.00240812683478
7000,noise,0.0129190618172,0.124588139355
7000,refresh,0.000177935799002,0.00263540563174
7000,revision,0.0229166653007,0.0442493408918
7000,roles,0.140251874924,0.151476040483
7000,source,0.361092805862,0.487296015024
7000,thought,0.407337993383,0.461947441101
7000,uncertainty,0.015841551125,0.0276658330113
7100,raw_mean_loss,6.44366045624,3.74433614248
7100,allocation,0.0345466062427,0.0344675220549
7100,anchor_ground,0.179634779692,0.176461040974
7100,anchor_kind,0.00451481994241,0.00972339883447
7100,anchor_presence,0.217329517007,0.331826299429
7100,argument_ground,0.0919779911637,0.0815917402506
7100,argument_presence,3.31326300511e-05,0.000116885370517
7100,auxiliary,0,0
7100,convergence,0.0470805726945,0.101074740291
7100,display,5.60954380035,2.67653608322
7100,intent,0.0138939488679,0.0278770532459
7100,lifecycle,0.0547313168645,0.0869592949748
7100,link_ground,0.11750292033,0.139359995723
7100,link_presence,0.152450621128,0.214388474822
7100,link_relation,1.61502448464e-05,0.000160544354003
7100,link_target_kind,1.19323167382e-05,3.84379563911e-05
7100,need_cell_route,0.278886258602,0.401330441236
7100,need_display_route,0.00239952211268,0.0022583771497
7100,noise,0.0123072480783,0.0763967558742
7100,refresh,0.000597711070441,0.00489624496549
7100,revision,0.0212820265442,0.0300940386951
7100,roles,0.133379548788,0.160566851497
7100,source,0.381627172232,0.314034432173
7100,thought,0.405784070492,0.592244029045
7100,uncertainty,0.0151595491916,0.027670904994
7200,raw_mean_loss,6.46225458973,3.75132362996
7200,allocation,0.0326391905546,0.0337754748762
7200,anchor_ground,0.179479777813,0.150551602244
7200,anchor_kind,0.00305995950475,0.0141453407705
7200,anchor_presence,0.207172930241,0.302892208099
7200,argument_ground,0.0912170931697,0.0676103234291
7200,argument_presence,3.56843302143e-05,0.000111372006359
7200,auxiliary,0,0
7200,convergence,0.043043140322,0.103693895042
7200,display,5.60366344452,2.77560949326
7200,intent,0.0148192802444,0.0262025166303
7200,lifecycle,0.0524569153786,0.0671297982335
7200,link_ground,0.116112619638,0.137209698558
7200,link_presence,0.15846760571,0.213089317083
7200,link_relation,1.56706355483e-05,4.66081219201e-05
7200,link_target_kind,1.05512235677e-05,3.76328353013e-05
7200,need_cell_route,0.278727382421,0.343412697315
7200,need_display_route,0.00217553507537,0.00175308948383
7200,noise,0.0129593703896,0.0462179929018
7200,refresh,9.29944508243e-05,0.000463788426714
7200,revision,0.0251624919474,0.0393755696714
7200,roles,0.133228778839,0.15022431314
7200,source,0.418852984905,0.443190664053
7200,thought,0.413084447384,0.465862959623
7200,uncertainty,0.0160889551044,0.0179674997926
7300,raw_mean_loss,6.55669359226,3.39957818648
7300,allocation,0.033165242523,0.0384380444884
7300,anchor_ground,0.187939599156,0.169364839792
7300,anchor_kind,0.00340753956698,0.0098660076037
7300,anchor_presence,0.218036398292,0.333295494318
7300,argument_ground,0.0939000695944,0.0679175406694
7300,argument_presence,3.50388290826e-05,0.000143180208397
7300,auxiliary,0,0
7300,convergence,0.040196955204,0.0819151103497
7300,display,5.68477392197,2.36361336708
7300,intent,0.0154473120347,0.0169034153223
7300,lifecycle,0.0518518276513,0.0785772651434
7300,link_ground,0.11746917665,0.139422640204
7300,link_presence,0.15854164958,0.217928364873
7300,link_relation,1.06496499939e-05,0.000111829358502
7300,link_target_kind,2.59706826e-06,1.47571097386e-06
7300,need_cell_route,0.291158854961,0.363239616156
7300,need_display_route,0.00229529477656,0.00248188548721
7300,noise,0.0125288879499,0.0633071213961
7300,refresh,5.2674789913e-05,0.00184917950537
7300,revision,0.0244727078825,0.0763163566589
7300,roles,0.1332565099,0.152732312679
7300,source,0.436083376408,0.457319706678
7300,thought,0.412125587463,0.50400775671
7300,uncertainty,0.0149123324081,0.019355006516
7400,raw_mean_loss,6.51572748632,3.569508048
7400,allocation,0.0381260812283,0.0425000451505
7400,anchor_ground,0.189019754529,0.174574062228
7400,anchor_kind,0.00281172688119,0.0445801056921
7400,anchor_presence,0.225462913513,0.314864367247
7400,argument_ground,0.093412950635,0.0672151371837
7400,argument_presence,3.46957203874e-05,0.00014466792345
7400,auxiliary,0,0
7400,convergence,0.044940199703,0.0841296091676
7400,display,5.67060852051,2.65019869804
7400,intent,0.015901690349,0.0194542743266
7400,lifecycle,0.0546590909362,0.115107156336
7400,link_ground,0.116103388369,0.144149214029
7400,link_presence,0.163442596793,0.22969686985
7400,link_relation,1.97843619389e-05,2.10208781937e-05
7400,link_target_kind,3.98014935854e-06,1.64502180269e-05
7400,need_cell_route,0.273537218571,0.323619872332
7400,need_display_route,0.00221935776062,0.00224639009684
7400,noise,0.013604125008,0.0402798466384
7400,refresh,0.00016181038518,0.00387873407453
7400,revision,0.0164730083197,0.0265603419393
7400,roles,0.138780370355,0.153395429254
7400,source,0.396523803473,0.379392683506
7400,thought,0.404893875122,0.434670329094
7400,uncertainty,0.0163314752281,0.0202888697386
7500,raw_mean_loss,6.5014026828,3.64283273239
7500,allocation,0.0329092517495,0.0302761737257
7500,anchor_ground,0.174502208829,0.135034352541
7500,anchor_kind,0.00676779961213,0.0262048896402
7500,anchor_presence,0.18640473485,0.296360135078
7500,argument_ground,0.0952708423138,0.0687957257032
7500,argument_presence,2.82260607491e-05,0.000141111915582
7500,auxiliary,0,0
7500,convergence,0.0561653263867,0.120248630643
7500,display,5.64069271088,2.58525514603
7500,intent,0.0105357402936,0.0189318936318
7500,lifecycle,0.0431138388813,0.0806193575263
7500,link_ground,0.117294721305,0.153170004487
7500,link_presence,0.152385517955,0.213926762342
7500,link_relation,8.61312128109e-06,0.000482178351376
7500,link_target_kind,2.03768195206e-06,0.000132466157083
7500,need_cell_route,0.282049328089,0.359724074602
7500,need_display_route,0.00245716772042,0.00233265734278
7500,noise,0.0122931785882,0.0378612168133
7500,refresh,0.000230057921726,0.00226418976672
7500,revision,0.0243415329605,0.051165483892
7500,roles,0.131748661399,0.155085772276
7500,source,0.440492212772,0.557529747486
7500,thought,0.406991094351,0.48282456398
7500,uncertainty,0.0141678163782,0.0229712612927
7600,raw_mean_loss,6.54658140494,3.47763868299
7600,allocation,0.0350825600326,0.0337597504258
7600,anchor_ground,0.191003680229,0.168033227324
7600,anchor_kind,0.00250635296106,0.014799435623
7600,anchor_presence,0.2030287534,0.293113201857
7600,argument_ground,0.0990887582302,0.0812850818038
7600,argument_presence,2.89652689389e-05,0.000147449958604
7600,auxiliary,0,0
7600,convergence,0.0398578681052,0.0831476077437
7600,display,5.7289018631,2.59441351891
7600,intent,0.0178808066994,0.0208165459335
7600,lifecycle,0.0574494414032,0.0955770462751
7600,link_ground,0.117086216807,0.144787311554
7600,link_presence,0.149898961186,0.2149964571
7600,link_relation,1.33759476739e-05,0.000107175168523
7600,link_target_kind,8.92511536676e-07,2.28864937526e-05
7600,need_cell_route,0.258172094822,0.302491188049
7600,need_display_route,0.00210376712494,0.00167609204073
7600,noise,0.0171037092805,0.0543873608112
7600,refresh,0.000400787452236,0.00152384489775
7600,revision,0.0152489216998,0.0199346467853
7600,roles,0.130174681544,0.16219034791
7600,source,0.367016673088,0.324729651213
7600,thought,0.399594634771,0.437566816807
7600,uncertainty,0.0147771807387,0.0242757387459
7700,raw_mean_loss,6.71963825355,3.86671316281
7700,allocation,0.0391852855682,0.033138487488
7700,anchor_ground,0.190504103899,0.167358696461
7700,anchor_kind,0.00305392290466,0.0126857263967
7700,anchor_presence,0.211319163442,0.294294685125
7700,argument_ground,0.100004322827,0.0765982046723
7700,argument_presence,2.833079634e-05,0.000124154030345
7700,auxiliary,0,0
7700,convergence,0.0357475429773,0.0894529819489
7700,display,5.89029359818,2.91916489601
7700,intent,0.0107876723632,0.0270166248083
7700,lifecycle,0.0479704998434,0.0666164085269
7700,link_ground,0.116818852723,0.137729629874
7700,link_presence,0.153731569648,0.191139727831
7700,link_relation,1.09156362669e-05,3.45576445397e-05
7700,link_target_kind,1.66081747466e-06,2.28465305554e-05
7700,need_cell_route,0.269062548876,0.374522030354
7700,need_display_route,0.00211828644387,0.00239139096811
7700,noise,0.01263921801,0.0597560033202
7700,refresh,0.000269987736829,0.00235771853477
7700,revision,0.0185804739594,0.0419788360596
7700,roles,0.129809349775,0.146453931928
7700,source,0.385727882385,0.364906430244
7700,thought,0.402455657721,0.469197839499
7700,uncertainty,0.014112743549,0.0221083164215
7800,raw_mean_loss,6.49808056822,3.58809462789
7800,allocation,0.0312892831862,0.0345907695591
7800,anchor_ground,0.186293035746,0.155030533671
7800,anchor_kind,0.00177718617488,0.00908773671836
7800,anchor_presence,0.207608640194,0.286738455296
7800,argument_ground,0.0974450111389,0.0667142271996
7800,argument_presence,3.2781943446e-05,0.000129959793412
7800,auxiliary,0,0
7800,convergence,0.0389559529722,0.086104594171
7800,display,5.68759059906,2.67797493935
7800,intent,0.0140499211848,0.0177049599588
7800,lifecycle,0.045143045485,0.103384077549
7800,link_ground,0.107283085585,0.126482591033
7800,link_presence,0.145039573312,0.238450467587
7800,link_relation,2.28660774155e-05,0.0020034655463
7800,link_target_kind,2.66356946668e-05,0.00210562464781
7800,need_cell_route,0.266149818897,0.310048907995
7800,need_display_route,0.00213950616308,0.00218893727288
7800,noise,0.0126034729183,0.0453839376569
7800,refresh,0.00066566868918,0.00444582756609
7800,revision,0.0167677365243,0.0308537501842
7800,roles,0.127313807607,0.158933416009
7800,source,0.350518137217,0.360304236412
7800,thought,0.40757972002,0.451176911592
7800,uncertainty,0.0140607943758,0.0267760399729
7900,raw_mean_loss,6.44122317292,2.98130398584
7900,allocation,0.0301660131663,0.0387970469892
7900,anchor_ground,0.184504508972,0.162691235542
7900,anchor_kind,0.00246029393747,0.0185115411878
7900,anchor_presence,0.212083026767,0.31477996707
7900,argument_ground,0.0984052345157,0.0724305808544
7900,argument_presence,3.20741564792e-05,0.000140442454722
7900,auxiliary,0,0
7900,convergence,0.0385881438851,0.103146709502
7900,display,5.59480619431,2.07748627663
7900,intent,0.0114397713915,0.0376077443361
7900,lifecycle,0.0429699644446,0.129601433873
7900,link_ground,0.109691485763,0.130092456937
7900,link_presence,0.148008152843,0.22245682776
7900,link_relation,1.8582906705e-05,0.00192083127331
7900,link_target_kind,6.86521707394e-06,1.75901857347e-06
7900,need_cell_route,0.278923749924,0.315547734499
7900,need_display_route,0.00205372087657,0.00166832993273
7900,noise,0.0123814092949,0.0414782911539
7900,refresh,0.000403907441068,0.00188997865189
7900,revision,0.0237580593675,0.0308675058186
7900,roles,0.127940997481,0.165718615055
7900,source,0.410516381264,0.359408587217
7900,thought,0.410305559635,0.421063840389
7900,uncertainty,0.0142949866131,0.0289797689766
8000,raw_mean_loss,6.63090734035,3.37393466617
8000,allocation,0.0322473682463,0.0294929072261
8000,anchor_ground,0.187204182148,0.16260252893
8000,anchor_kind,0.00197279127315,0.00819932483137
8000,anchor_presence,0.213008791208,0.333633303642
8000,argument_ground,0.103374391794,0.0800646990538
8000,argument_presence,3.16840232699e-05,0.000167290781974
8000,auxiliary,0,0
8000,convergence,0.0398647785187,0.10772485286
8000,display,5.77217626572,2.37313771248
8000,intent,0.0129616288468,0.0356018692255
8000,lifecycle,0.0435928739607,0.102860897779
8000,link_ground,0.111421838403,0.124331966043
8000,link_presence,0.147901386023,0.203583598137
8000,link_relation,9.73610531219e-06,1.86026936717e-05
8000,link_target_kind,5.89828005104e-06,9.57675365498e-06
8000,need_cell_route,0.280535250902,0.403423786163
8000,need_display_route,0.00215369998477,0.0021701164078
8000,noise,0.0133579792455,0.0396271273494
8000,refresh,0.000126177255879,0.00295629259199
8000,revision,0.0250977128744,0.0439875796437
8000,roles,0.126752838492,0.142294988036
8000,source,0.414984762669,0.419062495232
8000,thought,0.416416108608,0.479912012815
8000,uncertainty,0.0137502346188,0.019789788872
8100,raw_mean_loss,6.4262938106,3.41650388195
8100,allocation,0.0302309989929,0.0335382111371
8100,anchor_ground,0.179143682122,0.159624189138
8100,anchor_kind,0.00369817926548,0.00715683307499
8100,anchor_presence,0.181604996324,0.316258341074
8100,argument_ground,0.0930297523737,0.0664524585009
8100,argument_presence,3.13114069286e-05,0.000138242015964
8100,auxiliary,0,0
8100,convergence,0.0396798998117,0.0927574187517
8100,display,5.60878896713,2.53984570503
8100,intent,0.0107422657311,0.0199458710849
8100,lifecycle,0.0471066981554,0.0852031186223
8100,link_ground,0.104204684496,0.136708110571
8100,link_presence,0.145482465625,0.215476721525
8100,link_relation,2.64020509348e-05,1.5373709175e-05
8100,link_target_kind,4.02149453294e-06,4.73439013149e-06
8100,need_cell_route,0.26175364852,0.296893149614
8100,need_display_route,0.00198369752616,0.0018153883284
8100,noise,0.0139715811238,0.042960293591
8100,refresh,0.000289272691589,0.00339904217981
8100,revision,0.0184086766094,0.0298037324101
8100,roles,0.126683443785,0.15919880569
8100,source,0.388875156641,0.309272348881
8100,thought,0.403020650148,0.443673163652
8100,uncertainty,0.0136822396889,0.0226900726557
8200,raw_mean_loss,6.48277725814,3.29100099604
8200,allocation,0.0302934087813,0.0371172130108
8200,anchor_ground,0.184384986758,0.153673231602
8200,anchor_kind,0.00133402727079,0.00640559429303
8200,anchor_presence,0.198609858751,0.260426819324
8200,argument_ground,0.10360082984,0.0768193900585
8200,argument_presence,3.29549220623e-05,0.000143293102155
8200,auxiliary,0,0
8200,convergence,0.0384181253612,0.093535579741
8200,display,5.6536450386,2.31330037117
8200,intent,0.0122095011175,0.016452498734
8200,lifecycle,0.0463284887373,0.103029288352
8200,link_ground,0.112510114908,0.12679721415
8200,link_presence,0.139856800437,0.215612754226
8200,link_relation,5.99376471655e-05,5.27145530214e-05
8200,link_target_kind,9.14296833798e-07,1.6489984489e-08
8200,need_cell_route,0.263920605183,0.310865134001
8200,need_display_route,0.00209023081698,0.00243595684879
8200,noise,0.0112135140225,0.0371281206608
8200,refresh,0.0001076384724,0.0022389490623
8200,revision,0.0200827624649,0.0257385913283
8200,roles,0.124854691327,0.159644499421
8200,source,0.399393558502,0.392877846956
8200,thought,0.40319737792,0.507522404194
8200,uncertainty,0.0130352983251,0.0175394769758
